timestamp,methane,air_quality,temperature,humidity,source_key,risk,is_synthetic
19:21,234.0,220.0,33.1,64.7,49fe10a14e4776e863a106071bfa67a7c7daad0d54cb73175159600e3cff8e32,Safe,False
19:21,234.0,221.0,33.1,64.8,a9d3d96f50b5f6e30f4268ed9f72bd8b8ea0419da3453599dc0c18d879a32081,Safe,False
19:21,233.0,222.0,33.1,64.7,8f51b3546ccd563a9f3699c5703485a2f0923dd563c656c1478d7491601bbcf8,Safe,False
19:21,233.0,220.0,33.1,64.7,f50ba0083f6b910de46167e67f99bbb00282fc290e9865b7b65486e71cc6c382,Safe,False
19:21,233.0,215.0,33.1,64.7,dea945d1698600d98351e3cb45ea9d2442ab7fd90218405e241346d24691e9f5,Safe,False
19:21,233.0,214.0,33.1,64.7,9cbe32e469efea0b1dc0a180ca4fdbc247d66dac10135eb7646d29779f7f40c0,Safe,False
19:21,233.0,210.0,33.1,64.8,470e8c05f63e9b02b3e3b7b3e9a60f71e340c733ffe60e5e375713374c29372a,Safe,False
19:21,233.0,208.0,33.1,64.8,8bc4ebf633702d772d0c59b9660e5a29e554fdff12c15fe34ce5bf2dd964b665,Safe,False
19:21,233.0,215.0,33.1,64.8,d39e16f55c4447ebeaa0c3389f578de4559f528b378c263f21945d422b6fcd0f,Safe,False
19:21,233.0,215.0,33.1,64.7,c656a0eb6cf3244ed6a606bdde7101997af5be2e9f86ec604a1eb7e1314b7391,Safe,False
19:21,233.0,213.0,33.1,64.7,e8dbb65da70b5e9676f3e74defa79837bc73eefc304ec951e09891ce016b4b71,Safe,False
19:22,233.0,210.0,33.1,64.7,0442e2a85abc125e8cba2493ec46efe67a3cca15cec417c6116b67bd1f2f9f7b,Safe,False
19:22,233.0,211.0,33.2,64.6,eb3458a9b37f52d562ebacb5030399064f2bf7f2d62c1c820db5451818bc0b4e,Safe,False
19:22,233.0,209.0,33.1,64.6,1daf03632f178067da00b827ea8e3b8f977489eaab5586d20103f2e6e5f93557,Safe,False
19:22,233.0,210.0,33.1,64.7,9a3075778fd852cefeba58f92b51e0bcf81628dec2b71d45410ed64ce6bf1abc,Safe,False
19:22,233.0,211.0,33.1,64.7,24ba076d1254d9695e3c2b57b260c7d63fdc7cb581ce0a01920db1dd4ec1ff46,Safe,False
19:22,233.0,209.0,33.1,64.7,c5ae0dc86ea18fbb6ce7fc686fdf2cba669ebaaeda3894d6c62188d455bee534,Safe,False
19:22,233.0,209.0,33.2,64.7,8788c442aa6d03b65b7a1574939c0178b3a543304dd02b1d5bde34b29b6126e7,Safe,False
19:22,233.0,211.0,33.1,64.6,15dc9a9400e1e0f907e2e30d71a1c6418caf08beec4d204dd21cfa9cfcefa866,Safe,False
19:22,233.0,216.0,33.1,64.6,ede92be8336cfb6a4dca7c6ec64c1afa8a8b1632f2cce36ddfa3712b343b6b2c,Safe,False
19:22,233.0,219.0,33.2,64.7,64f12807e994687f853bcc99e5cfa1d86cec4863bd940256d692b083cccb26cb,Safe,False
19:22,233.0,217.0,33.2,64.6,3377df47619b5142585a156fb92b647a47d77e0ae29e78aab9f9e020119a00d9,Safe,False
19:22,233.0,216.0,33.2,64.6,a0f3a67c5aef178725baef3f689de551df3776af29f0b1dc79bbcbdb2c334bf5,Safe,False
19:22,233.0,216.0,33.2,64.5,5db9a8ae8a2a2c46eaa2bb501d5bb9596a8b0f6417a0127accc0e7e5317be8f7,Safe,False
19:22,234.0,218.0,33.2,64.6,0d8d83eb3cfee441e868abd4021e8d28d552a05fd4331b4d0abb9db37f89b1eb,Safe,False
19:22,233.0,216.0,33.2,64.6,5f8d7ff0d8e4d6bd220a5ab757f19ba4a86705a118274fe947cdb842121208c8,Safe,False
19:22,233.0,215.0,33.2,64.6,9bdcc822c4e0d6636b4a6fad84730066ef8c64ad2e983fa65484ac3185a97518,Safe,False
19:22,233.0,215.0,33.2,64.5,a63a0f9c41c9af03e8d65a5e7b80aa540aeda561ac373284a70c3fc534b37248,Safe,False
19:22,233.0,217.0,33.2,64.6,c610536ecf3837708734efad7eb622370d46cf366d57c34ae7ee91832a723cc9,Safe,False
19:22,233.0,215.0,33.2,64.6,e9049496478d6550933156787d3cf62231307733d69515f85b80a336f112dad3,Safe,False
19:22,233.0,214.0,33.2,64.5,c59086f4ad062947aab305f9d18276b8d846cf542c94f4991d79d4222b5818bb,Safe,False
19:22,233.0,210.0,33.2,64.6,977792c1433ed5739ebfc568845b5f4fb0ef59265f1ca2013c620af28988f90b,Safe,False
19:22,233.0,213.0,33.2,64.5,c20a2f071ad185ff74ac1ee85ebdf1713ae2b67921fb99ac163545dfa00ca97f,Safe,False
19:22,234.0,214.0,33.2,64.6,24abc5330251c9cba29d700a9af5c6142861d21d3ab0f3a0e36950bd6180363c,Safe,False
19:22,234.0,213.0,33.1,64.5,82927755ffac005e851c911a58f97c3d21584a991e61badeec2bbcee33bece91,Safe,False
19:22,234.0,212.0,33.2,64.5,e9b001ec14b5ca534fe84b1528b7ca61b1ac9ad1d59e33943edf83093fa1c4b7,Safe,False
19:22,233.0,208.0,33.2,64.5,baac33431c1aeae0dc1ad9350a3d7942a12f50149c1a0b0d28c9087dd85b577e,Safe,False
19:23,233.0,211.0,33.2,64.5,2650438bdbb2b5ee8e33792a99e7d77bb9a4dd397e5ac226af934b33f8f0bfcf,Safe,False
19:23,234.0,213.0,33.2,64.4,a116f07cad0998a0d75e09d02e5268fb08b7531c77aa3e6b6cffb4b986d750bc,Safe,False
19:23,234.0,215.0,33.2,64.5,fdef80cc263a650eef47c78be290b3049ba11d536538e8fea6279fd609b84c04,Safe,False
19:23,234.0,217.0,33.2,64.5,ada599b02bb7aa64cd214cd80176e5e3643ca63d3a66f0d9bfb3e290bf12a362,Safe,False
19:23,233.0,216.0,33.2,64.5,77a74086c57e097f11043eb84b9c04ec26eb39028576eb31e10884add9c61a06,Safe,False
19:23,234.0,211.0,33.2,64.4,1a71b9cd909852d1b686d2ea38d7d53ee5dea46b412f85419e09eb2a348bebf9,Safe,False
19:23,234.0,215.0,33.2,64.5,af522bc4ce88fcd89e04a50a52b036ef832a54beb516c2b5dfb26e6c18f5b35b,Safe,False
19:23,234.0,215.0,33.2,64.4,de84cda9b9cc08c17753e4d1416118b841f0830bea023e28da84edbae923fbf3,Safe,False
19:23,234.0,213.0,33.2,64.5,789cf1abcd25a0f4db728f3be3205e5688bfab7b6f965da0429c30de5eb83998,Safe,False
19:23,234.0,214.0,33.2,64.5,cfec2836dfb23583943f8a4aad4dda0dfa452a066ad4849fd7026c715df94943,Safe,False
19:23,234.0,217.0,33.2,64.4,c69d6e0919e773f2e65600da85c7abbc3f3dd3f9add789eb95e37fc8c4741fc4,Safe,False
19:23,233.0,210.0,33.2,64.5,28b42bbcc0a60e16735d72cd2cf7ffbc1713c0030f6d0f6732854a03cd11f16d,Safe,False
19:23,233.0,208.0,33.2,64.5,be4c950d99c730a8ce1de55d9ef803d5f4cafea1fac072d9c0743ab9bfecaab0,Safe,False
19:23,233.0,207.0,33.2,64.5,2a493991856eef5b7ef72d1e6f8099a0009d8a52af62dd8415fca9849e7f4f94,Safe,False
19:23,233.0,204.0,33.2,64.4,d469a7291450b4c2b54e8fa9b7b36c32cacbd49114c6582c43ec9e133fc96a72,Safe,False
19:23,233.0,199.0,33.2,64.4,a6853be38c8af7250fa91e7f4354222f3a5b024aa96b1155b0a76e956c3b3d22,Safe,False
19:23,233.0,199.0,33.2,64.5,172d347c50b2fb83f8749befb8c1ac176bc726ab3bc7795947b0f25e0b882044,Safe,False
19:23,233.0,201.0,33.2,64.4,c7df30f26b0f7f7c7e9446f3c492aa181a53c6b4158c993f3b57066321e97110,Safe,False
19:23,233.0,204.0,33.2,64.4,563b6f3407119f717d5e99881ba863dff7bcc9e05db717b9cd140a96f5110a20,Safe,False
19:23,233.0,203.0,33.2,64.4,f2d7970ea969dfc380316c9632dbe5565acfc9c93143461ef40079c31771a448,Safe,False
19:23,233.0,206.0,33.2,64.4,c655d13ebd49d046d20e1a12af5d21267ef418b80f908fb1e510d8b16cb5497c,Safe,False
19:23,234.0,210.0,33.3,64.4,1dfb61d5658b55837e7b28845df3a16c19bbe21b01c390fffb08b6634241aae4,Safe,False
19:23,233.0,207.0,33.2,64.4,8857b9d57bd0d0cdd96609ce9d42d7401396962df1932b2865fcb075b226dbee,Safe,False
19:23,233.0,205.0,33.3,64.4,86b5a5910e3902ce02758dd83e89f6ba5c9d1dd0cd4d0b9872d2f2e9d72759eb,Safe,False
19:23,233.0,207.0,33.3,64.3,e042ee461fd7e11c0840e1aa764a6ff73034a487b43d927b6ba2da67ea4f31ed,Safe,False
19:23,233.0,206.0,33.2,64.3,134b1b46c2eb78913941a982a246b11f4025a1ba0ecb9b407d1a6977cdb9747a,Safe,False
19:23,234.0,208.0,33.2,64.3,1ea0bcd8225fc2708e3dc06e772d587d0d17aedeafd1e769aacde89bf5ea4eec,Safe,False
19:23,234.0,211.0,33.3,64.3,987ebfef89084a21ee5096448920adad898fa16a10c63ea3b1ea5b2d6fa2a5c0,Safe,False
19:23,234.0,207.0,33.3,64.3,b74eb1025f43b9e19ddf06eeb2db02e12c5ce512eb49ef2db3b50c5769bb0a6f,Safe,False
19:24,234.0,207.0,33.2,64.4,e9f589a0d35ef6a4b2e07867bfcc1302541c29d6f6caa933832676c4fd4122b5,Safe,False
19:24,234.0,210.0,33.3,64.3,05d8b57c0e7711236beb334a0ceb8be88cd7debf01f81689ba1be840aae752bd,Safe,False
19:24,234.0,211.0,33.2,64.3,df587a7ff1c5de4342415cdff06fb34bc3c2cde0a36ef7d0fc0820c566dc3558,Safe,False
19:24,234.0,210.0,33.3,64.3,b04173fff8874c54ada9b7574de86fcef861b1764b9be80859c38ccb71554c83,Safe,False
19:24,234.0,209.0,33.2,64.3,01fded9db01f3522d996e76320e7ba0f04b95a7fa53db2e0e1029d3133355ec1,Safe,False
19:24,234.0,213.0,33.3,64.4,bb5fb5caf7453a81d90eaed2bfb64b68b782a8fd214a20827a1d29100010852a,Safe,False
19:24,235.0,215.0,33.3,64.3,006cf2f02ecd99802143d9e40656db02aaf7e3973e96034f7b228d4450d3f3c5,Safe,False
19:24,234.0,214.0,33.3,64.4,a13caa50c071edb7e6046c9fc8c241fabc9c01b3aa7b201571f69cadcf4f266b,Safe,False
19:24,234.0,210.0,33.3,64.4,60c2abd95e56b569b7e6ce541332112f68fc1f8924a6350efd66a608d1f0bc37,Safe,False
19:24,234.0,206.0,33.2,64.3,deba16eed159fe7e6a0ffc0452a64fdfeb853f284ba88f2503cfc47811b702e2,Safe,False
19:24,234.0,205.0,33.2,64.3,8170fd6b6eca1208d3f4fdf08b75abe1997a2b4049be5112889b1daae087b8e6,Safe,False
19:24,234.0,203.0,33.3,64.3,575a666e4664fefd419071115876f61d09d7c3282fec002ea51ac49da88a19ee,Safe,False
19:24,234.0,208.0,33.3,64.3,cbb5f4f0df48ad0ab8047e48a159395f97ee6b886aa041e72d6da6f265e6393e,Safe,False
19:24,234.0,205.0,33.3,64.2,166837cf43f52276aa700a4cbf9084a1b01510a8283d81295c1471fbe1ec07f7,Safe,False
19:24,234.0,204.0,33.3,64.3,671fc91e7a450a1dcab0d9de66c09bb5f8e95463b3d40397fcf980dde928731c,Safe,False
19:24,234.0,203.0,33.3,64.3,56e0d13e948cf48a04fdfa250d65d789040514e11f0d9057380aa162cf9b8f76,Safe,False
19:24,234.0,197.0,33.2,64.3,9b51eff0dc7f490c26a38b2fc7c3cd8738f8f04fc2242b790bd6c7f2f3e1bef1,Safe,False
19:24,234.0,197.0,33.3,64.2,1bac3c460fb009de0953924f65ba99d3d02a492f0774cfe4729ff3593aa05edb,Safe,False
19:24,234.0,199.0,33.3,64.4,a670a28c6f7eab30ddc2927291d2dcd72f5c76b9deafe31e2c83ced9008017e5,Safe,False
19:24,234.0,200.0,33.2,64.4,52d71b2358dbcc81168395bff89f6ea161e3e2bcce105c59bb3fb6f6b29cbca9,Safe,False
19:24,234.0,199.0,33.3,64.3,a5ec04dd7adf732498999fc79acd24a0f05d2079d00ad481439e01e3c27d2503,Safe,False
19:24,234.0,200.0,33.2,64.3,37ccf6f92822e6a916255fba402f4319e6c75f7cc5584f25f83a9ba637243fba,Safe,False
19:24,234.0,203.0,33.3,64.3,7137b738103c14064425cee9b35235a2054c0ce7acc52b0b6c55f432d010ac53,Safe,False
19:24,235.0,207.0,33.3,64.3,64bee2f7e24e585eff8adc45ee039fc164c44ac138a15dc81b4fb8a2e15da652,Safe,False
19:26,235.0,200.0,33.2,64.4,c5cb8670ac8333417c8aa498bef9a6e0db3b3237a52ad4e38c8f053fec0dbb1f,Safe,False
19:33,237.0,190.0,33.0,64.9,252a772892612939005a824e7e97c92efaeddf0a604e07f561ec67e17948bc44,Safe,False
19:38,266.0,219.0,33.1,65.4,e7187e93c5d8cdf488a4b2f4053cdd20cfaa42a2038a13b9e981a939e874ff5e,Safe,False
19:43,263.0,223.0,33.3,65.9,86d2211373aef1104cd757b3c8b3d6ad71dc8d5230ba0a5595376acb5c371c99,Safe,False
19:48,253.0,225.0,33.3,66.6,b8215e9913bcaec1ce14c5a0a427f4e6df32b1bf6b57376d04829a01e8c0f927,Safe,False
19:53,252.0,200.0,33.3,67.1,8a8da6008a2d058b7f504675970deb8eb6dd92edbb016a39fccca6e32149305b,Safe,False
19:58,253.0,196.0,33.2,67.6,3c23455a7a3050a6bf422fc13ef09866870a2dc0355723969c770b1924a5adfa,Safe,False
20:03,253.0,200.0,33.4,66.7,06965c133ad7403e0693cdadeb2c23401acc3d365ef3f6270e86c086b80d2743,Safe,False
20:08,255.0,200.0,33.5,66.5,ad24bc736a9284a12703eac717d414d748eb422e2375c5bd4292080411f347a1,Safe,False
20:13,246.0,183.0,33.6,65.4,52fbf2b7ce8be46dd1ae9f5219bc3cf62559e399f122eed128f6167205c1d5e3,Safe,False
20:25,252.0,178.0,33.8,64.9,a6876324f924318f5041b652509e9d0ce3f30cab450472c3af31713b96cdd4f1,Safe,False
20:25,255.0,173.0,33.8,64.2,c5147fb8e70a984121deb3af02a16042d2810a6a5d194ee50f269eb3f67921d6,Safe,False
20:27,256.0,162.0,33.6,65.4,38b8b08ea54b76588f02e900abe83e360c1b03fed5c6f480d5281a6a56e8de4a,Safe,False
20:28,246.0,151.0,33.5,65.5,e69eccb7596090ac6db02642fdc428003d0ae998090c10061c8708e78e7800c7,Safe,False
20:29,246.0,155.0,33.5,65.6,686c7e29deae9e835a081e9965e66ecca0aa9adf36f13ff869bdf42ab9642b0d,Safe,False
20:30,247.0,165.0,33.5,65.5,36f338076e558dac5f7453b6a1e001d69f0ad4c066c1286a5799da197efcd072,Safe,False
20:31,247.0,154.0,33.5,65.5,e413ddf52c299541c50853609235fd83598a5262f845c73695968dc1ff696ce2,Safe,False
20:32,247.0,159.0,33.5,65.6,4556c691d0f9eebf8dbcfac6c03e5f48cf80ddd7811cc39f558de556a2c8bd6d,Safe,False
20:33,247.0,155.0,33.5,65.6,fefb4c1eb7992f498c4af4d2924ebcde8abef17dda4f6804d352d88b3e2c53f3,Safe,False
20:34,247.0,156.0,33.5,65.8,dc4554eb15b61e8d8e8a8e265e8a02e3290e56675118ab0b25d1f66cb754ac87,Safe,False
20:35,247.0,158.0,33.4,66.0,32fde90101ba7877fa9efeb37478e4515df679ca6079015dd48c0b3da12d125c,Safe,False
20:36,248.0,163.0,33.4,66.0,f905b2c5f6578213a8cc2e2e0782820d34c6012c8b3458fb677b3eecb599f158,Safe,False
20:37,248.0,164.0,33.4,66.0,96ca576161e00cc6f4b9d43919faf87744b6a61b1db44db4f9c5d076e14da40b,Safe,False
20:38,247.0,155.0,33.4,66.2,76745c021fa18c8947c24abd3be98a61242920510ae99ddf29f94fc4522116ab,Safe,False
20:39,248.0,157.0,33.5,66.1,a83f0a2df0e479f1a75f03fd19e78d06088c69c71050656337a12bf8d0f0a457,Safe,False
20:40,248.0,160.0,33.4,66.1,e43cb85dd23ee9afb383ae76f5dd6c0ac4764cf4119633f1579686502fa34efd,Safe,False
20:41,248.0,162.0,33.5,66.1,3f437fa686189848176cb91a49f20e8bf2535462c9353d2618e5aa43c092b705,Safe,False
20:42,249.0,166.0,33.4,66.1,8c2997de83b8374ba5a0ed2912975fbf150ec8e7d8012e836941d76537dbb4ca,Safe,False
20:43,248.0,164.0,33.4,66.1,6c8ab636a53783e0409b665ff08ec0b560fd39727e529875d784db2fd1de9e13,Safe,False
20:44,248.0,193.0,33.5,66.1,64618a4631356916a150a4235f77f6274652eb119e943e5b3b82ddc6356fd1fd,Safe,False
20:45,249.0,193.0,33.4,66.1,519ce42d4dffccf786e8118808a7befba4f3e963f4735da629d02d9afbe7179d,Safe,False
20:46,248.0,187.0,33.4,66.3,b11a2f2df5e911c65cb3d843c37058123711ffd8718b3971de52534890ddd6eb,Safe,False
20:47,248.0,182.0,33.4,66.2,2dcdb4b1bdcdbada45cda8fc1c6bf06bac8435d342f8c4636db94dcca63c2ab9,Safe,False
20:48,249.0,187.0,33.4,66.4,6c345f42387c85b93a61cf06e3b26b355829b4679b1135ef9bf0571ac7723f93,Safe,False
20:48,248.0,180.0,33.4,66.4,d7587df6efae12eabeb376feddd8563c25129e96b2fe51714b7d5280c359fe14,Safe,False
20:49,247.0,177.0,33.4,66.5,ca88ef7f2622beca2b3d788f495f89dced135fe90318e60670cbd27f12241353,Safe,False
20:50,238.0,167.0,33.3,66.7,3353d4ea18be056eada3590646d8da13a888c1cbe68c18a076dfa120b7ca8b60,Safe,False
20:51,239.0,163.0,33.4,66.6,aec72f3e836f2953ee438b94173e893762f80edbdd4c36ee7a6e8380d51a5e2e,Safe,False
20:52,239.0,158.0,33.4,66.5,d187a797847f3fa004e670d11b002765831fc674fa02c935381f097043362898,Safe,False
20:52,240.0,163.0,33.4,66.4,a5d0a1d9e38cc4d588e5a01bf162f8203343e0f82ac773a0756a3b9eeb6fab4a,Safe,False
20:53,241.0,159.0,33.5,66.4,d27dacd32a69dabf3821614bf2b75190947b1bf8c7f3bd7662ad07340c096321,Safe,False
20:54,242.0,167.0,33.4,66.6,9a81f5704fc06e4365cc5877dadc9a36daa180dd43d2535787e368dc67c231f4,Safe,False
20:55,290.0,198.0,33.4,66.4,cfeb6745ba2fdca0ac6e782d1ca52ff856259c2d28dfd9c26de044273290a2b7,Safe,False
20:55,281.0,208.0,33.3,66.6,85040276b60b0faa6ec613c3212304023f61fee58d8a04fa0a810608758b9ddc,Safe,False
20:56,280.0,204.0,33.3,66.7,f07e31e2f8824cf51248965205d64c0d2e3d6d470a79b7aeeff22763a702e62c,Safe,False
20:57,275.0,205.0,33.2,67.0,ddb52bf2983babae389b4d4953f6b6561e0eb5242b9a3730030be2cd26c45e2f,Safe,False
20:57,272.0,203.0,33.2,67.2,54103adc1d54b7c5d8d1929f391c0622e7a528b2f00505258284e1ab003615ea,Safe,False
20:58,268.0,196.0,33.2,67.1,fab6df96563858377083dda0525ea383c240bc21aaafaadb47cdeb24934944f5,Safe,False
20:59,294.0,214.0,33.3,67.3,790cb79f2d4848399f41de30a00cb63d03980ff55c46e875cf81c8040795fbd3,Safe,False
21:00,287.0,208.0,33.2,67.3,29c9dd6b88dc6bef4c3cde5f81d667ad2c0d5e59edcc67466c3105b5a150f06e,Safe,False
21:00,285.0,208.0,33.2,67.5,63487bc3f6c2924fda5458409128a126b1114a99531afba90fbbbc1e2eda9f98,Safe,False
21:01,283.0,212.0,33.2,67.6,21d18a1228da446e14526de3372fc19b9fc745e33eb3806f3f284a589e485b9c,Safe,False
21:02,281.0,205.0,33.1,68.0,c6138f22dd6b5ff87302924161511dec6de0ae7bd6928dc5e5f7b993c9c8a871,Safe,False
21:02,279.0,204.0,33.1,68.0,c9c9bc64aa035a8237a1ed623f1ab15c3111f8ba5480b016ed16ec007532bfa2,Safe,False
21:03,277.0,202.0,33.1,68.1,c5dcb4216c090097ec803890596570f8c10cc6ee07fde61bd04907b26eb9d3ed,Safe,False
21:14,269.0,182.0,33.0,69.3,31ba712bbe0604b78f2e8cc8acbcd611de046e1fc574da98197b72320b71cf46,Safe,False
21:15,329.0,243.0,32.9,69.3,1e9d5281f38fa3018b51426647a39564bd95cd26c141653b4a7f140059fea8fc,Safe,False
21:16,330.0,250.0,32.9,69.3,dc7267039b18df9d9fc7870447c61c1dd0babe02ea507d88c442ffcf1e23d842,Safe,False
21:17,336.0,256.0,32.9,69.3,d7e645b256a17915d6c134d97221f2801ec5372485bde41f40e78fca8c38dc78,Safe,False
21:17,328.0,252.0,33.0,69.4,2342591f161396b1bf4358d3870cc21e0e9d8e8fe9682dcc826fe919c4448447,Safe,False
21:19,266.0,199.0,33.0,69.6,d843bb3e9c1b75f7676c1a356d97a85680a5ec52ba6f556538c5524526c8285c,Safe,False
21:19,278.0,207.0,33.0,69.6,63f912112cfe2715e40f5579fd280b28f5eea0710940b01427e66ecc235796a0,Safe,False
21:20,279.0,203.0,33.0,69.6,488c0324babf0208e445b93c415fb00d078b387d347fd489aff0e9ecb90c3ac8,Safe,False
21:21,286.0,214.0,33.0,69.6,c14c5bf3b83c5051827770a14d848ac4f3547e05aba240fa12380b52cf915f24,Safe,False
21:22,280.0,206.0,33.1,69.6,c4dc6246ab7e919b45f6e71980b295467a63f6ad2dad707ed9f577edccbde5d5,Safe,False
21:22,277.0,207.0,33.1,69.5,e68be8c6e34d9aef6486a789f4d55fa286e3d85e0595b8b3d2acab10b660c0b4,Safe,False
21:23,257.0,196.0,33.1,69.3,55e52cde9d367012c65c52b2bd2562d890851fe8d3f90994fe700be440dcceec,Safe,False
21:24,252.0,178.0,33.0,69.5,c561257db77e10ce764d55197d8f18a88aca9503e83d1262cf3c5f60f8d8e9c8,Safe,False
21:24,265.0,188.0,33.0,69.6,050a77ae69c48dc41f608e367f39aa5cd221e062ced70649306c0906859a3cce,Safe,False
21:25,263.0,190.0,32.9,69.7,8b8e7ec2cc2c4a19342b1fd42d53c62a582ddf91000ad433716b823c7bfb5d84,Safe,False
21:26,265.0,191.0,32.9,70.0,ca91fe2cc21ec3d7277f3c33e76fd5a312b015337e0dceee8262f034ad91a0d4,Safe,False
21:27,264.0,191.0,32.9,70.0,0bd1540d135e29a1402bac3206997041312c5572ec5ca54c871b2ddac3abb0a5,Safe,False
21:27,261.0,182.0,32.9,70.1,38ad4eab99cf773be0c1af52f1e378bec008790fba918de34d17f4552765d666,Safe,False
21:28,266.0,190.0,33.0,70.1,3abf0a267484275e641975d01e91fcd006a63feabd9569a41557dadc8fe06028,Safe,False
21:29,266.0,197.0,32.9,70.2,755e46e148f6100484547b96d1899d482db28013e9b79c3acec93a8d85fae546,Safe,False
21:29,264.0,188.0,33.0,70.2,56ab99608ba11ebe3f2f7715c1e6ac4f1acb5cdf8d1f0ed98d0ec4d9bf009282,Safe,False
21:30,239.0,177.0,33.0,70.1,04ce1f677a956259cd9ea42fe1a3052afc0fc06a2cfd0709e45c3084fc496e43,Safe,False
21:31,241.0,170.0,33.0,69.9,e89ac864b15a89624b5bb9b4873a525f251f45e0d5f21e19ac43254dfd6295cf,Safe,False
19:37,279.0,312.0,32.7,65.1,04166ebf25fed7dfb720b5d3eff3f5f377821874caae3d61949cdc4cd365683a,Safe,False
19:37,299.0,337.0,32.7,65.1,d22be609576b7a7428d947b54f74d5ef7a7a741301137f20650eb123d8a7f237,Safe,False
19:37,298.0,342.0,32.7,65.0,8f3e94750fc423da99fd53c48e60bdb6fb81cb4cf94d2c509b90ba76349da051,Safe,False
19:37,298.0,348.0,32.8,65.9,6460070d12daf4dfe07a21167611314f64474264b358d54326be7166a4b6612b,Safe,False
19:37,298.0,349.0,32.8,65.8,a1b9df0d4d9d7c69a1097385d943bac76f52d4bd75e7e028857d0e8955951390,Safe,False
19:37,292.0,342.0,32.7,65.1,51761f90f71582962950368747550710506f30fa46c2c5418e784f42c11d0406,Safe,False
19:38,288.0,339.0,32.7,64.9,5fad967b9f8331433d4f2b4fb7b016db89026bab7aebfa523c71b23db0f48b39,Safe,False
19:38,288.0,348.0,32.8,65.7,7d11100018cc858c14c70e69a34b8e425b8cddf3bdd7b279bd9eeffd45586e24,Safe,False
19:38,287.0,347.0,32.8,65.0,23db55962cf104a6af763d7f0469f765e732b2b3be0ff0efde719a47bb3a8f16,Safe,False
19:38,284.0,353.0,32.8,65.7,2a034f1283623f94bc9fe12a9ebd2f13f36ec8d187e523c7a40d4c7a91907bcc,Warning,False
19:38,285.0,351.0,32.8,65.7,0ac1327cffec383588cacc0d84e49c62882dcd2cd1d4a8a4a92e98d3d18e2de3,Warning,False
19:38,285.0,354.0,32.7,65.0,854ec4ad7eb0975b0808c301803baf321e2d1e1ec5110d79868350e91f24ad61,Warning,False
19:38,286.0,357.0,32.7,65.0,6af75889435b3cf7d0055ef0915b6cbc1754132f336522fff55389732ac28849,Warning,False
19:38,285.0,360.0,32.7,65.0,6dd1639726f573062a417a9da15347af70f07815d7abfe4170d00f7938a4f8dd,Warning,False
19:38,287.0,363.0,32.8,65.0,41c5305c4247328c912a5ba11853b7fe328844ed5d8cc11024a1f2555ef9e1ca,Warning,False
19:38,288.0,364.0,32.8,65.0,dbdb4132839963653264c265317f6e192e9bc0475b0c7bba3e526ebb65a627d2,Warning,False
19:39,289.0,360.0,32.7,64.9,c179eefed1f6381103f675f98ec41aa0f3e314abc3662d6143f4086eb7fa99f1,Warning,False
19:39,289.0,359.0,32.8,65.5,15e8845cc093f4baab00ce483822a71974b01b7e35914b50665430c09ae2a921,Warning,False
10:47,281.0,471.0,32.8,64.1,461a243f78b964fb3019db846518bdf42f2d01a62b610aefc846e85e4fc3aaff,Warning,False
10:48,276.0,465.0,32.8,64.0,aa011b81cdb03ef8cd1339e5b3ea50bb86afa9a5209e09b30580e9cfac7c860b,Warning,False
10:48,278.0,463.0,32.8,63.8,8a65ffab72724cdd2a16e8f787e58f56a476cc32752f792a524254f32e9ef94d,Warning,False
10:48,277.0,455.0,32.8,63.8,ca2447db2799ee967b9b61efcdd632b1622b0450726e41bb9805c1a713c5fbc3,Warning,False
10:49,279.0,457.0,32.8,63.6,6e3715c30ededae33c2d507852dd0f4540a9a9dfd8a7a9b697559af00cf20c8e,Warning,False
10:49,279.0,443.0,32.8,63.7,cfdd9b71e9560634256bc8094f217263cc0acba82621fad1e675ff658d2134a7,Warning,False
10:50,280.0,426.0,32.9,63.4,d2630700f84d4cb4f8dbf14b2fd48d621a1271dd7a43c3918bac712525a2e619,Warning,False
10:50,282.0,422.0,32.9,63.4,c88103d2d933e0c3d83a5fa7539c5a7c9804ce9c1825a26cd65a4d9d696fb734,Warning,False
10:50,284.0,415.0,32.9,63.2,b97a5bfc9c8677d774d9ac2b19810039179a146281b4a9abf072874f027cb562,Warning,False
10:51,284.0,415.0,32.9,63.1,a0de6f58859e4a930dc2d773c4a574eefb8d0745029ef39bc35ed321a13c11e5,Warning,False
10:51,284.0,415.0,32.9,62.9,c37759297c070cbc7c8b1022ebe551eb6a30497bb15710ecee20bcfc77b8bf55,Warning,False
10:51,284.0,405.0,32.9,62.9,92c61811e1e02570c406cc0060eb4cfc2266149d05f5deb2057a1d4552d139e9,Warning,False
10:52,284.0,410.0,32.9,62.9,6c621be1b05b604b00f244137b9dac590be44d08f80cd24b7d310150f7cd4a85,Warning,False
10:52,284.0,407.0,32.9,62.9,a061c705e564878a04ed2a922d934d5a4473d73282bc86449aedffc4769eee74,Warning,False
10:52,284.0,398.0,32.9,62.8,238b66601b62ab602873a334ebd6a56edfe9985bebc8b40edb093b90c3053b91,Warning,False
10:53,285.0,392.0,32.9,62.8,874cbe2920221c225def2c49564d175f235cac7567098ccddf52b79ff11efeeb,Warning,False
10:53,285.0,390.0,32.9,62.7,cb6abc27e731f1806c946d7180abbdd4ec298bea605d90a5d614d960b2ed6356,Warning,False
10:53,285.0,382.0,32.9,62.8,c9ccc67ed0ce87ba407e3cfef2062aeca7214d72dd088b68d7a42bcdb9abc6ae,Warning,False
10:54,285.0,378.0,32.9,62.6,e34707887ece0249b63bf3ddf856bfb2f6d221d0aec07a09397f301a8903318a,Warning,False
10:54,285.0,377.0,32.9,62.6,7bff421c58d557490f8d9e27a79d98ee41a475c007eeba0708a4152035263a7e,Warning,False
10:54,269.0,376.0,32.9,62.5,9b3629f8d7163430ab8c539264bf25f2b09b53f495ef68ce1df6a496dd8af5ac,Warning,False
10:55,271.0,376.0,32.9,62.7,860bdac99906ebf3ea9811d3734dec2d6232b68be432b81af09623a4fb4b7732,Warning,False
10:55,271.0,377.0,32.9,62.6,cafbab6398c12231e726da715811e620a2ee93fc1d7a81e99fa76589f55c6f66,Warning,False
10:56,246.0,365.0,33.0,62.9,8bfb32ae092441a76de2a790fc419f77b51ca246011c4279ceba7b5669083bfb,Warning,False
10:56,248.0,357.0,33.0,62.8,cc64c6c7758b36406ee3601b94a42247a6510dbfce961b84a79770a32b999577,Warning,False
10:56,248.0,351.0,33.0,62.8,800a92e9cf28e2c366f975c7ed028f82f1eb510d7f1c144925bbdc345ba1e81b,Warning,False
10:57,248.0,354.0,32.9,63.1,64fc80cb519fb1a8cf3386c913a52afd85b543f209f434550f5c8d7290cc8e50,Warning,False
10:57,248.0,347.0,32.9,63.0,34c9d4cc7d90ae8e6969ea11734b048916e196e18c2347b5db7713d678b0cee5,Safe,False
10:58,251.0,340.0,32.9,62.8,ee1130a973ff3374df8a6a0bab048f2ba548b4dd90f13b1a990e632640af1778,Safe,False
10:58,257.0,335.0,33.0,62.8,27fe6dacde58cddb7cfa46ddef6841924af84440299e137ccf4fe4edb7bdcfbc,Safe,False
10:58,256.0,338.0,32.9,62.8,bb4a810a6c30b12175e79ba1b9663e3cc6c172bc06cb13311378b3f8e2b1709a,Safe,False
10:59,235.0,290.0,33.0,63.0,fbce5528d037fefdea4f804543260bfb24d83799d254675f77afee0ae6aa3bf5,Safe,False
10:59,238.0,329.0,33.0,62.9,7d7b7eca7258df8887775c50bb6adf3f936cb75dbe89119c509138f05010b501,Safe,False
10:59,237.0,330.0,33.0,62.9,5b76c0eefc200b353a4f4f8682dc6d6c03dac01be985c320b3d76ad6731a7f95,Safe,False
11:00,236.0,331.0,33.0,62.9,c9b232b9bafd7812954f317a02d80262cad533e7af3e20384cbbe62332876cbf,Safe,False
11:00,237.0,322.0,33.0,62.7,0d906d15ea0b68f09f549254ea8d8767da418514064e577f25c9bb6b490e4396,Safe,False
11:00,238.0,321.0,33.0,62.8,196f6c1182cfd7f8c0be5544fd98479cbc74b36df7b04f24e13c1a3b2b64bdc2,Safe,False
11:01,238.0,322.0,33.0,62.7,c5d534a7abbc56e3f331c1190813acda314d710b7ef2ef2fa20fd0de164a411a,Safe,False
11:01,238.0,313.0,33.0,62.7,cf662fd2370c926d639f109d5af86ba0e7aa668303acf3f34544362a4cd56daf,Safe,False
11:01,238.0,316.0,33.0,62.7,bdd73be152ede77cf1f10fb6219e65f79ac8c8dbe592ae023a6da472155a030d,Safe,False
11:02,238.0,323.0,33.0,62.8,bbe0c131b4714b21a7627272c4310dab20abae59c292b4c428116fdd88c011ff,Safe,False
11:02,238.0,349.0,33.0,62.8,1a27f50b746f5b0aeea1d327cb3aeb92835580ea07c76a3a9b1447fffa6fad16,Safe,False
11:02,238.0,346.0,33.0,62.8,5afc1a780e8bf3208446e8a41356e24024f596eff63527fa7600c51d3c5c0316,Safe,False
11:03,239.0,340.0,33.0,62.8,597bf403bbfcee8f775e3eb2e4a25475b26dddf9efb51eb128e6841093ef5829,Safe,False
11:03,268.0,349.0,33.0,62.9,18f1ad047bcd7425faf39f06fa9c32d0e0593e2394b50e87624efc23d4906746,Safe,False
11:03,276.0,343.0,33.0,63.0,b0c516aa409b12fb0a9e59f8f8f6a2a0ec56e15b6d57c9ff81ea1ebe7efbda19,Safe,False
11:04,278.0,339.0,33.0,63.1,f98991e8d3b109e715d008986cf002cfa592afdab5464f645c0a697c233ede0c,Safe,False
11:04,281.0,334.0,32.9,63.2,823d83061cafea062fc77a0b63b402450157d9742b4d1c737b07021c2e47214a,Safe,False
11:04,285.0,332.0,33.0,63.1,f743cc38904d0a7df5a53737b7e66cec7a6f1567477d6e99b033ed5aaa9bee38,Safe,False
11:05,287.0,330.0,33.0,63.0,4f910b91cd3f77b525d1dcc6c697fb1cd5aaf7f9b59a647ae1a73896c1060f28,Safe,False
11:05,289.0,325.0,33.0,63.0,97dce318e7512482c5145de4db81fd0d0f58b46f63e4c1374d23ff5235525fa2,Safe,False
11:05,289.0,320.0,33.0,63.1,d59e0b9738143346991e7f87acdbb411da80d094310543241025ad8820223d68,Safe,False
11:06,367.0,343.0,33.0,63.0,cf39c26aeaad6956b901e3c9845e50f8b178c7bd80de6c073e06885bcf36ad3e,Safe,False
11:06,341.0,326.0,33.0,63.1,6b83d4ee8209b46f43a65cc47accb603b159721013ac36e3f1d0a6ccfd63c817,Safe,False
11:06,338.0,335.0,33.0,63.0,c7414001cb949f79fb3bbd85adf66fa7878f5d22bc15ed1d35939e8bf68b17d4,Safe,False
11:07,337.0,336.0,33.0,63.0,cbd61564947735d7ba149676667f5389e56f455f66d45fddc0a45d79a5867a33,Safe,False
11:07,335.0,332.0,33.0,62.9,78ec0d1de47fab88c9b6279227586b20986a995d1f266b0edd6dbeb55c18265c,Safe,False
11:07,334.0,331.0,33.0,62.8,1188c602b1f2a4357f0142adce8ba3574542953e72d8cfbec4cb38d5e4815f32,Safe,False
11:08,290.0,322.0,33.0,62.8,7da7d165916c92928658456c37cc4e4cd55c2a1aa0a6d20177f9be06ac975feb,Safe,False
11:08,289.0,310.0,33.0,62.7,8cd2d53e2c3b63517e6f5be9375c1485474802135ae16d91bd6509f62431d3a0,Safe,False
11:08,291.0,311.0,33.1,62.8,7087713afb104628decfc89177f53a435d044c126bc6361e08d9c286f8cb52ad,Safe,False
11:09,293.0,310.0,33.0,62.9,692d1750a94333754a93a11efcdfa4a73f436afbe7d48865d6b84eb48b928dfa,Safe,False
11:09,293.0,299.0,33.0,62.8,8733c170743f89c89a484a720127510767843775ca8c23ddafeb08ab0de57fc8,Safe,False
11:10,294.0,297.0,33.1,62.8,bf528f3e26ad56b7bb2bd085f5f6260694cfc791111b6e0d348cceeb2afef637,Safe,False
11:10,295.0,292.0,33.1,62.8,d7c96c62e7c735aeb9233730d2ccdbaae555df6c0f8fa4d81db628065554c1fa,Safe,False
11:10,295.0,289.0,33.1,62.7,b3eee9f24baeae8dfc9b10c9ea51db7dfed6e7037607a74646d57b5576645c39,Safe,False
11:11,296.0,282.0,33.1,62.6,dbc8e137caa419a9bc7cafd1762bc69cf881c5a8629f06d359e5e236569163c2,Safe,False
11:11,297.0,293.0,33.1,62.7,8a22d799fa2f79fae102fa73c28522179d2ba1f0de4658ca34e3f9d2f5a2acf8,Safe,False
11:11,298.0,291.0,33.1,62.7,cfe904621c9ccf7c25e9ae9d48a46b4f3308dc106952839f973d2e8a9a3d2781,Safe,False
11:12,299.0,284.0,33.1,62.6,e9516bf6d35fbd109187f7b6d27a573c63b7ec06c00d38c3ce6d0d41387782e2,Safe,False
11:12,300.0,289.0,33.1,62.7,5f813779dff991ea9250ab3a981c9cbd095ca006a5285eb19ac52cecdabce167,Safe,False
11:13,301.0,286.0,33.1,62.7,07cd1d48354afbf63495a32f33c7f55815ef1b25db50f4f3beeb3656f52d48be,Safe,False
11:13,302.0,280.0,33.1,62.7,f6d14a3a79c39737be233450e6187d58165801770674578f2925cd03605b3d41,Safe,False
11:13,303.0,280.0,33.1,62.8,1836388de49374cb3a53b5ca2e55a5bfcf221005752dc885b8ff8e8b954073c1,Safe,False
11:14,304.0,283.0,33.1,62.8,1067c7981aa8d623fdd6a8ff1e6310859f53f3b66686e190b998ccf6a1004f97,Safe,False
11:14,304.0,284.0,33.1,62.9,9b647e88c4e6399ca43708a6ca119309b8244775212e049b1218d2354b5ea624,Safe,False
11:14,304.0,276.0,33.1,62.8,5e0ad32a9af4a5fba038bc2c0f56c3b15c557b97bee03aa45aecd01a3ca70356,Safe,False
11:15,305.0,278.0,33.1,62.9,ddcda2186afc833472883bea38592e25516e3fca1fada1d86c108c83b2ea0be4,Safe,False
11:15,305.0,270.0,33.1,62.8,6255a0b632ae4eb2c4148eddf520e482a25b71b2b73c80321cfe0515a050febc,Safe,False
11:15,306.0,270.0,33.1,62.8,3ceb57a3ab6e7a228151c89155f73a83620fcfda0270682cd15c17971b64047b,Safe,False
11:16,306.0,266.0,33.1,62.8,c7c71fe03480b8424fdc55b44a3e35ebbb603b6b3e2ac71730ee5ecbde929317,Safe,False
11:16,307.0,266.0,33.1,62.8,cf1546907997128bc66c38c735b9cecd9ca2c4c41efd6490bfcf524f6ab5f6c0,Safe,False
11:16,308.0,272.0,33.1,62.8,40f69eadbe585c7e7b2e5867134145ef69efd46be6cc7e741844029a87ee718e,Safe,False
11:17,308.0,274.0,33.1,62.8,a65d85983a16953d17a516562e202ccd8b380f49ad1294d23748e2145d370595,Safe,False
11:17,308.0,263.0,33.1,62.8,ca9d30ff6a253f83e30d5c0083597e78626bfc3bf4ae1b30e6ae3167698b890e,Safe,False
11:17,310.0,264.0,33.1,62.8,3ba8ee6cbd28396aa7861c87880983d5b979e665f4b86df1b219ba0f484272e0,Safe,False
11:18,310.0,268.0,33.2,62.8,03c45b5e32119875f1b11abe900e79755516e516a54638259c73998c93405c88,Safe,False
11:18,311.0,262.0,33.1,62.9,a766012afd91ca00ca1ef89608cff694bcddc9b7c79493b90a1607d47a3f70b0,Safe,False
11:19,311.0,261.0,33.1,62.8,c472335c32629a06375db336785bcaf0ca870c7013a021ac3148a4ba7ea1e927,Safe,False
11:19,311.0,265.0,33.1,63.0,85fe38917f6a638eb69976f8ebe16ee2b36a5553e0ebcd6931f0c2eb77d9be58,Safe,False
11:19,311.0,255.0,33.2,62.9,859cc377a388e69ff6132e038f30e8b6aa4f777e1913f9eccf4bb30ffeafe8fd,Safe,False
11:20,311.0,259.0,33.2,62.9,59c12462e38c7c7a647802b9619525fba7ed721bd62d8d32663b3bff5d4b0abb,Safe,False
11:20,312.0,259.0,33.1,62.8,0b09f2f571b97873fbaa0fbb9c3b73adacd3033932f6e67a687ffc00ffb76a18,Safe,False
11:20,312.0,255.0,33.2,62.7,3a2e3f2e4a4eb23f528a09227670217bbc8aa0e98e39d060d79c4c18c3f261a4,Safe,False
11:21,312.0,257.0,33.2,62.6,94694d66356f3b583f647eb97c1c09ceba263a73f06621077de4e03e8e98d995,Safe,False
11:21,312.0,256.0,33.1,62.5,79daf7d35d13324156b16d3405a37240c8b75aa6f03e22cc67d506ba724fcb87,Safe,False
11:21,313.0,253.0,33.2,62.5,308822bb5103ec43248c0a64cdf7902d2cefdfe85beb9599a62d847b810c301f,Safe,False
11:22,314.0,249.0,33.2,62.3,c6b074d1b6ba6083e8e89371b39e5ded72833c4b7324559cebda4605c17ed6d2,Safe,False
11:22,314.0,252.0,33.1,62.3,d786ded6433272ad4f1e79f349e6b892c47db2d079aaf77e175a30d88d7650e4,Safe,False
11:22,314.0,247.0,33.1,62.4,9d20c3dffca38e381fa3f2df72286e352a71f8000378ccfc8d7b75790eb2fb92,Safe,False
11:23,315.0,251.0,33.2,62.2,61113b3546edab3d60833da2a9227ccc58d350031c6e9639cc33bdbcba080ffb,Safe,False
11:23,314.0,251.0,33.2,62.4,f45af8c00c2b5583ec499ffe0c9d98cb09690e88f7ab8d6744c3670b7eec0d30,Safe,False
11:23,314.0,251.0,33.2,62.4,c6e78b10a47b0167044a738424fc733c93e15620f42b783ce5290dc2e71ecd9f,Safe,False
11:24,315.0,252.0,33.1,62.5,70fe1b703040433346b2c531fe9a4462ed2d5999e443086b773d7d84de1917c6,Safe,False
11:24,314.0,249.0,33.2,62.5,7bc41646d76ff32b1e897fabae45bf8ea6ec0ce6d0b867b98375d0f79269b6b3,Safe,False
11:24,314.0,247.0,33.2,62.3,61e06466888882eaa264699bcc9aa00f1370f02de2c35e2f0d8970a04972c1fe,Safe,False
11:25,315.0,247.0,33.2,62.1,e3ba2ee4deed9da14f0c4e9ad2b3c58753d71414231d4e49eea7ba0694a1c82a,Safe,False
11:25,314.0,240.0,33.2,62.0,278c83a3e5711b3593941e41c364609c431a1f048b44c1ccd75792968b7e0462,Safe,False
11:25,315.0,244.0,33.2,62.0,82127eaf26a1cb50522b76683b1bda22534821905ee8b2fb8d02b7af5b285464,Safe,False
11:26,315.0,247.0,33.2,62.0,8d2a43c3fe7a510d999acddd6efb79f60ce8d6ae24e038af59bbdb5a51997b11,Safe,False
11:26,315.0,248.0,33.3,62.1,864c5626d4688eabecfaee4d2b4cf57914aa7fab5b45466f1a46e584e304b99d,Safe,False
11:26,315.0,245.0,33.3,62.1,6a64d1d83aef3a66c9afb78c6cc237eb19ff6f418296ac69c05c776b552a7d91,Safe,False
11:27,316.0,248.0,33.2,62.0,fab31b9b347177d863381b3e5cd1d602b56de56a016e3291b7e33650ae85ee0a,Safe,False
11:27,316.0,248.0,33.2,62.0,463fc6bc5769f039600520d15a928bce44b9e3a9c8c162e582314aae3c662cb5,Safe,False
11:28,316.0,247.0,33.2,62.0,93a019690300540d9c584da1035c996eed92c3e4de9fe326376e8a4e4e7b9d68,Safe,False
11:28,316.0,241.0,33.3,61.9,374b32102bdca4418a302bb89707e57c71b5e3f23a4066604f0da99a385d6f5e,Safe,False
11:28,316.0,246.0,33.2,61.9,31a92cf8c5e3dd26e28bb7dcd6454efdb1f5b588a726af4c282d2035edd05c37,Safe,False
11:29,320.0,250.0,33.2,61.8,463738636dd3d018aca9a1a00850ef8ac8538968caababb2da2156c750d1f32c,Safe,False
11:29,316.0,246.0,33.2,61.9,703512407efa9c32643c218677cd48f4c85fb1381bf1b44bc33572b28fdb3b51,Safe,False
11:29,315.0,239.0,33.2,61.8,a30cb83f8688b0ac67f36062a65d73d5e7751d4940e01c23e8d058241579ac54,Safe,False
11:30,315.0,241.0,33.2,61.8,5960f3fcf40346b89b70a68195093a31d961b5132b7317a66ffafc16a742999b,Safe,False
11:30,315.0,242.0,33.2,61.8,2a09523d561af0a28ca3fab88f7b0000c0436900d81ffd80830f96be85917a63,Safe,False
11:30,321.0,243.0,33.2,61.8,61b5e0318fffa6682f746bbfddbc72f72efa9c9b5576b892d3b5831f0d662c4f,Safe,False
11:31,320.0,243.0,33.3,61.8,e776cf3020470b0c7de6c397b61454581d71e289f1b0420bb554d76661f8e4fd,Safe,False
11:31,320.0,240.0,33.2,61.8,e101a03a42e5472807c4e24546ba761e551901584ce25a686974a8e3f4c05e22,Safe,False
11:31,323.0,246.0,33.2,61.9,b3649d7881f7e095090f98672a36886fca9467563ac52bc9029c2d29e7a0143e,Safe,False
11:32,330.0,246.0,33.2,61.8,46ec0902da6aee86c85894b28e533c9886b2255ec597e4620657a8386bea15e8,Safe,False
11:32,329.0,240.0,33.2,61.6,4bab010e84dec76a4e0489fe2b0a62f8c9df3fd06cf7b9cc590e599c68dd8322,Safe,False
11:32,328.0,242.0,33.2,61.6,f654edd6a9052da0ffcef1a127bcb3cdad499e36311b7e9d493cf40421061aad,Safe,False
11:33,327.0,239.0,33.2,61.5,5e582773ae2718b5ced90e36cfbe5cec45e952101858aa570c63bbd6f047e850,Safe,False
11:33,327.0,241.0,33.2,61.5,97c494711c2bf7186ecb35dc5100c739c06ff8ee01c4f6153bace8cd38a2e3d4,Safe,False
11:33,327.0,243.0,33.2,61.6,c5d187c76af4f93355472f414b70b64fb3bb1ecdbe8cfb467723b729e569ad54,Safe,False
11:34,327.0,243.0,33.2,61.4,3bad3ddbf401fe3dd0c5ed4cba8e9638990b394dc50fd58ba75069d04e008844,Safe,False
11:34,327.0,243.0,33.2,61.3,cc3161abfc76426b67d47f167e3a5a1bf4cd3163bb26ca596da7fcc60318e5bd,Safe,False
11:34,327.0,240.0,33.2,61.2,7cbd5dc5846dd680bda91b7ca7c85cb9abebd85893b8a4f8bad929d89b588390,Safe,False
11:35,326.0,238.0,33.2,61.2,6c7855af755b2dd76b054d10b6f1f7998c7ac70d3918dbab49acb16d6e721253,Safe,False
11:35,327.0,240.0,33.2,61.2,27488d0715f332000cf42801176cb962be6a629a6a1d0c20a93603f5c03c3498,Safe,False
11:35,293.0,206.0,33.2,61.3,9b91c5d66a8a4100780e1dd5006b3222dfe64d7d1ad0223661c5478b92fa59f4,Safe,False
11:36,295.0,243.0,33.2,61.3,ac0dd4ee7b452946a913e1ed19f5d25d61363922faf67479b5fde42394d645da,Safe,False
11:36,299.0,241.0,33.2,61.3,99ed1c8a008a7235e14e45e50597eb19f9306641651dc4d0acfe74c2ea752560,Safe,False
11:36,301.0,235.0,33.2,61.3,9ec825a035a39568bcfd62828072a8ca75a11e9a0d1971c5409516cd1b96e96e,Safe,False
11:37,303.0,236.0,33.2,61.3,6578e9890f6463c6046ae3720626c01f41b3cc5aedd6d15cc3fc609d1ef94e81,Safe,False
11:37,304.0,233.0,33.3,61.3,209cea86445cb6d17f041968663e2b1aecf65f8f7e262acf395b4730e4e0050a,Safe,False
11:37,306.0,229.0,33.2,61.4,4d7b661f831bb9bd476cd77b4dc7fb39b6d296575901b3f0fbaac0d4f34a23e3,Safe,False
11:38,306.0,229.0,33.2,61.5,92a8c4313e7c30ade08305d5bc5aa40f1312978c8cd7ac008dfd791828f0b5cd,Safe,False
11:38,307.0,233.0,33.2,61.5,f61dc94f7fffc323d1d8ca7307b17f800da098735ee92c5f215b657a37093c7e,Safe,False
11:38,307.0,229.0,33.2,61.6,f1a3d671ee573e3d04c630c99d1a5062027888a061365ee05f504a0eb545c32d,Safe,False
11:39,308.0,230.0,33.2,61.6,f00eb737b8837be3c6aff1d899b5e85a936f62c5813094b778c3b7bdaaef3700,Safe,False
11:39,309.0,229.0,33.3,61.5,bb540018830a609dad91861efb7b0b99f1f6b1f519196a673e587d95aa4c3523,Safe,False
11:39,309.0,221.0,33.2,61.7,135a2f774536b39189b885fc9d9a3c2f3d2cd8967130cf3ae90518ed4a04c822,Safe,False
11:40,310.0,225.0,33.3,61.7,de29029cb936a8d5d1a79aae04617a86becaf0579d55775f58a6a579572abc49,Safe,False
11:40,310.0,224.0,33.3,61.8,86d68d827b548f92c72edd77cb5890298915b49b1a08f51911efe900bdce4263,Safe,False
11:40,310.0,225.0,33.3,61.8,123e0e8e29277ddad604a9497cc7a89919e88f0d0d087e2764eb2d816f00bf0e,Safe,False
11:41,311.0,222.0,33.3,61.9,44e38b43d5efb7e6455d68948287b5db9f8eb56ca8c7628223bf77123cf3716a,Safe,False
11:41,311.0,224.0,33.3,61.9,4282f91198828d03e3a0a0ece2ee744e9ce0339bbea9ad607818da7fd48a7405,Safe,False
11:41,312.0,225.0,33.3,61.9,c45ef28e8832895a5b0c5209f673d10f401de023be85ffe9436abe156a1541e6,Safe,False
11:42,312.0,224.0,33.3,61.9,76b44bd3ece4c16b500537f1ff6ce3960cdb6447f2b368db5c7c20313f91d865,Safe,False
11:42,313.0,224.0,33.3,61.9,546f7651e533b2238c35d33d9058c28700d3a2b589f802789d6a13ea1cc90c08,Safe,False
11:43,312.0,222.0,33.3,61.8,e80c7bb0109e97209c39fab707241a9fbf1388bd3d3f17bab5a19f342266df3b,Safe,False
11:43,313.0,221.0,33.2,61.8,f1063a4ef60d1269d141290d987fe11c6628146e92cb6994de029838d35225f0,Safe,False
11:43,313.0,222.0,33.3,61.7,b0aa62578d3ae603f14311e9112cb0bd361ceec7f5e95038b0b4089cab3256ee,Safe,False
11:44,313.0,224.0,33.3,61.7,271fe2e2ca50a9fd726400066be1de025556cf42a7b6c7d2267559e71e558c86,Safe,False
11:44,313.0,218.0,33.3,61.7,f03875f513deb28fd6f9c4ff7fcbbc2b5406a6e5ec0ec429509d669f330095d0,Safe,False
11:44,313.0,219.0,33.3,61.7,78e9ad1c3f7202e58d410db7ed0a149e25d0c96e77d1d6fe10609eda3dea72ab,Safe,False
11:45,314.0,219.0,33.3,61.7,818c0e8d37c5308fd4c976c685efcb127796ac40148f79e6d0f97c7f9a9506e5,Safe,False
11:45,314.0,223.0,33.3,61.7,19fb1b9bf9fa36f5ce93bb6fbeb94103899c8b921dda7fb7ae0325ee7c08c828,Safe,False
11:45,314.0,216.0,33.3,61.7,a0c973f64be6a2bbda3d62afc813be472cd8b1465ff3b9c0e24e6d82ad091633,Safe,False
11:46,314.0,221.0,33.3,61.7,506e8434ccedeb95389cb3c3e2c4003524d4508de7f1acc6e9a201503baf5e90,Safe,False
11:46,314.0,218.0,33.3,61.7,eee6e6e767d0c90feccd235176da739076685907de82a4960ad93052bee5267f,Safe,False
11:46,314.0,220.0,33.3,61.7,4d1a365888a8099285401490c3d3e11c8e6bbb10a18f6685112fddaf4b27bb40,Safe,False
11:47,315.0,212.0,33.3,61.7,b2dd6cbbc79228acf061a5d89bf503eb5fd43bd0c7ea28872e60d01c6dd11774,Safe,False
11:47,315.0,218.0,33.3,61.8,edc05463bcf378d47c9da3788aedddf3949ea81aef5f0116c0f1540ab41fd5e5,Safe,False
11:47,315.0,214.0,33.3,61.8,5915af7206105251a658be734ca7a928754a90a7373d518a46dc02d3cd909ae1,Safe,False
11:48,315.0,218.0,33.3,61.8,b64856fbf01e84cbaf7d5445c32788ddc3c0490c88e1d3d5a3ea047a256020de,Safe,False
11:48,315.0,217.0,33.3,61.9,eee06814ed8999cd44192f15cc083c5a900caa78f9132bf2bb4171b3675a36d6,Safe,False
11:49,315.0,220.0,33.3,61.9,dfd1cea447562532a57e5a3fe25ea0757a023c2717d7db2ba671a7f31e9f4445,Safe,False
11:49,315.0,218.0,33.3,62.0,6d6bce7b7836000befde0d2e5e1ff168dda2b13f7a5a8da35b412e523525d75b,Safe,False
11:49,315.0,217.0,33.3,61.9,b815b7e5f95ee9688a612409184adad0cc464c5cbd09f8d530d532d063e3adcb,Safe,False
11:49,315.0,219.0,33.3,61.9,7ad275e0be7495cc86a54494018844b3f9c5f86f2e882d5fe7818844452631c0,Safe,False
11:52,315.0,217.0,33.3,61.9,e0444ce7216d457b610aca32b07e32e143c6bcc6d082ebdf5a50e20c6078548b,Safe,False
11:52,315.0,210.0,33.3,61.9,02fcbc76881df68e1133603b51f808837c462a9ab6b91d33fbea98a85654d528,Safe,False
11:52,315.0,212.0,33.3,61.9,ef40a4ba176c14313b66c20d65f49d7a6d431d748a2b2bd0333a4c6513f9e1fd,Safe,False
11:52,315.0,213.0,33.4,61.9,d3526e97cbd3fbe7734cc2ae234330d939a0b40663e5b1ebbdaa3dd26852bc61,Safe,False
11:52,315.0,217.0,33.3,62.0,110ae90223d04d2d4286ba22fad71395fa92ab6c64a62d5cd2894a1da2e102d1,Safe,False
11:52,316.0,212.0,33.4,62.1,2afbbab7b23c700e5bdd80f0a5ed58d60dc19fc304e889a466d5413ca01e9756,Safe,False
11:52,316.0,216.0,33.3,62.1,857368fffd5d334e764bfa5679965d5d4fda5e3d20d4fc917652cdd2401639cf,Safe,False
11:52,316.0,213.0,33.3,62.2,7637f766dc7aa223a92e4637376db1204dc213c50caee0e0fdf5228b43806d82,Safe,False
11:52,317.0,208.0,33.4,62.3,77f3be5a146cf628f61bcb211a6cdf51e0c29f4996c8cf5f5b333d1aad6d6a4a,Safe,False
11:53,318.0,212.0,33.4,62.3,396cb1a2b9fbabc04263e922dd350ac2af0692c3897eabbc7549c990c9f2bb86,Safe,False
11:53,321.0,211.0,33.4,62.2,7c160240b885231b4586b1b3bc8b0aedbd9eba565e370259257dafdeec495aec,Safe,False
11:53,325.0,215.0,33.4,62.1,505eb7ee31fcc5c44f771650d026133c91c6584b7cf9b3335ece7260d0192b09,Safe,False
11:54,326.0,207.0,33.4,62.0,5fae94bf3ade8b21a65337d246c9125a7ed4230053625e231ccf68174cbb95b4,Safe,False
11:54,328.0,215.0,33.4,62.1,62679f06beb7367e92167fd71780a8f7316d5eba89f1f6c90ae274aacc6e1bdd,Safe,False
11:54,329.0,218.0,33.4,62.1,2bc1b6d15dff35facb23a38ec2479992c6efd9bde96f18a711f7f6eaa7f4fd26,Safe,False
11:55,329.0,214.0,33.5,62.2,339a71b95a7e8ce193a03ba6159c35f988d8d7802243626fd52b682683827e56,Safe,False
11:55,328.0,217.0,33.4,62.2,45ecb709d3861ea22a4ff411780286f428986e7ba99dd1aa89e4dbcb19250e67,Safe,False
11:55,326.0,212.0,33.4,62.2,dd5d48aba2d97b2814daccadf1e405a51750b449c6c29d0e58e191151b32c671,Safe,False
11:56,325.0,218.0,33.4,62.3,15d406ac127ab2edeb1e6234df00dfa6a1c50c9acdc91ef8012284a30a40d51a,Safe,False
11:56,323.0,215.0,33.4,62.3,ffae4f875569ba937e2dc9f47c33314a3cfa7bc73d2dcf53d851c27b1f7cc3a9,Safe,False
11:56,323.0,213.0,33.4,62.3,dd57973e872328281f599f314c14b48b68ee03f7047a134accd6f1836457562c,Safe,False
11:57,324.0,212.0,33.4,62.4,b7836827c789c9643efb55e0d13e66527ce43da878a40945c816c8148bb57cf9,Safe,False
11:57,326.0,216.0,33.4,62.2,20c57334a679afb02a105a2b82c758671e7bea9e24f80e6bda746cb2834dedea,Safe,False
11:58,324.0,212.0,33.4,62.1,4ea2da8dd7a2a121a9c3693a9d01aee6d5e8b449bc0861e6ecafbc3f66db0776,Safe,False
11:58,323.0,211.0,33.5,62.1,c8cdb1ca7173843e14d4b3e9557dfdf4700bec0b9d922ad0bc4b8566bacbb0c9,Safe,False
11:58,339.0,220.0,33.4,62.0,750affdb9b905a98c4892652847d693800f29fc0f7eae7000c5740ebcf4b9110,Safe,False
11:59,336.0,220.0,33.5,62.0,dae78b57cc1b1fbc3f6c1cc948514a6caef0bf6c5da1c2d40d527f8ffb5c5e17,Safe,False
11:59,336.0,222.0,33.4,62.0,f217ab4f9244ca563aac1bdee651d5d4fd6c8bc77ca2a4e6be9c22564d85c46d,Safe,False
11:59,341.0,226.0,33.4,61.9,d0a62da79adcbe6f309cce869a8b8d89913ee2d5e05dae46ec40a64bf674dca2,Safe,False
12:00,338.0,226.0,33.4,62.0,b09cc35b8a365280ca95b287601d9be3c5701026c34cea30a03995aadb91da44,Safe,False
12:00,336.0,221.0,33.4,62.2,eb0184ca056850e1fc02cd705211d4f27f20429bc7fb0d273a9c5a79887b8615,Safe,False
12:00,336.0,224.0,33.5,62.3,dd7fa67535f359ab9f32087d908246de1de0b7c1f5401af7b51c1aab4c1389b1,Safe,False
12:01,335.0,222.0,33.5,62.4,d2c4b6c84e30f06443d9d5f862e2c4f8562dbddea1b86b8f7991903e413daf50,Safe,False
12:01,323.0,216.0,33.4,62.4,6904cd2b8b94da4dfb23423cc8f7eaec6d9e78f9e7c0835f0e6bd2565c1e2d7b,Safe,False
12:01,323.0,220.0,33.4,62.3,5e8846c776508d0dbbf924032a67a6821b95237e336fe6a542cd6ef4f99ec49f,Safe,False
12:02,322.0,213.0,33.5,62.4,2c456d5bd901ea0aedd535e491867fa524e00dce89827617ac75ad038e933ead,Safe,False
12:02,322.0,212.0,33.4,62.2,1835d448d09de5cb9afd79b330c24730c37c07d32bcfaa62280d59c336133fe4,Safe,False
12:02,325.0,218.0,33.5,62.3,5b3457e9f088402a19a6fdff5548f74ee1246c3e3888f20bbb21faa0b689cd4d,Safe,False
12:03,324.0,217.0,33.4,62.2,aa29fc39d95f8004eb74eb4577f77c1e0e6e8b08652ee1c6542f826935f065f9,Safe,False
12:03,324.0,220.0,33.4,62.2,c7f57325f3896810b5aacda3254adfe05eac8fbfb58da05135565452baf04c23,Safe,False
12:03,323.0,216.0,33.4,62.1,9eda8d4982a6ffd99292d2e1f65d163bf6dfdf91e128d91af880592fd52a3a06,Safe,False
12:04,323.0,219.0,33.4,62.1,73df0686bee945814041195e467224bae27a0705c0955a66919fdd05405d84c3,Safe,False
12:04,323.0,219.0,33.4,62.1,395989102155fc445e1f6d3ca519fdaf7c36823a33205a685590d6f26273e8e7,Safe,False
12:04,323.0,217.0,33.5,62.0,4d7fadfa7dceb5904b445521337841167b5ac0bfac660cb1fd113846053fa639,Safe,False
12:05,323.0,219.0,33.4,62.1,a0c6f97fd8cc48e6222b72821ef9ef11ec429098c1e04e8b5a2f81b17a23e280,Safe,False
12:05,323.0,215.0,33.4,62.1,8b4f58296fb1cfec582288eba5bebb814a8ee646297c9576d6cd1dfa53837449,Safe,False
12:05,323.0,216.0,33.5,62.0,76b901f122f9847cc5a6570e7d0b2b59567a54c80cb75812298d9afc3ba296bc,Safe,False
12:06,323.0,215.0,33.5,62.1,9385d8d90818f2ef2cc39f45012c7e898548c7db501d742ab2409e94d3195a64,Safe,False
12:06,323.0,217.0,33.5,62.0,22250e21e15aee366b44bf9bab18e20946db8bf7020b2a61a4444bc2d20e09fc,Safe,False
12:06,323.0,213.0,33.5,62.0,652baced75c20a72f078cae8827b6ad0e9a20376d37a19c6a3cb234df998eec1,Safe,False
12:07,326.0,218.0,33.6,61.9,bf82054191e301032759995119b0dda48de9e9f7aca35a8a154fcc2a135445b7,Safe,False
12:07,322.0,214.0,33.5,62.0,93fb38d1ecf9b980143ea791c2abd86d2f69cc196dc9e0e3e2a958d5bde9b5a6,Safe,False
12:07,322.0,216.0,33.5,62.1,2713e69079fdf2e1a087846bc53f9f583f7a14fd4d60556d2b3cbe6066f72a6d,Safe,False
12:08,321.0,213.0,33.5,62.0,955a7452ce7e010958ddd90993e331f3347fb903a5f8bd749cfe049ff3e703ea,Safe,False
12:08,321.0,213.0,33.5,62.1,fdca76691e0d410d34a13aed39babc8f5617cd819f083dbb5664b9cbbe11919d,Safe,False
12:08,320.0,213.0,33.5,62.0,868c38f034510caabe1e8746eeefefc8f75870e696b5a6adaaa68a37b25f794b,Safe,False
12:09,320.0,214.0,33.5,61.9,f9d6a9c0eb29c1eff2a38bc8226cea4173a3771c0ee90dfbda2c657619aa9fc6,Safe,False
12:09,320.0,211.0,33.5,61.9,6b0ba152216724088e20bf31807760fc5cf8820c54ff439fa9df0e58562ede9b,Safe,False
12:09,320.0,213.0,33.5,61.7,1ec4edb5fab4b2fd2095c8c10863bfdea65b61b258920638018ae2c721ad167f,Safe,False
12:10,321.0,211.0,33.6,61.6,23921a68302870e6ddc4db1dece85181e2e654b446ab82a3ebc472e42eeadff6,Safe,False
12:10,320.0,212.0,33.6,61.7,78e3b52b54bcfa710fe6de099d428614507e79a005a1a7adc39ffeabc9049204,Safe,False
12:10,320.0,215.0,33.5,61.7,f3026ede488722245faab61251e35ea9e74ab101cfbde6c3a2e453a124d2a7ed,Safe,False
12:11,320.0,210.0,33.6,61.7,38ec53d77fc63e28d9a6152280b63c5f56d6aafda8294e82c88f636dec924d7b,Safe,False
12:11,320.0,217.0,33.5,61.7,b108dad98b3d7966c6dc67a77e9ad88d58983e4221dd4189cce825c5b23ab272,Safe,False
12:11,318.0,215.0,33.6,61.8,f9d035d899257d437c03821b070cc9aa06cf9ba183ee3f18ef62b9635d73b487,Safe,False
12:12,318.0,216.0,33.6,61.9,fbc47534c022d3da40dfa3057915df93aec4d8edd188271cf49fa0aeab404472,Safe,False
12:12,302.0,203.0,33.6,61.8,0ca40b62d2d24e1e563b1df9b22cd8ef5c4709a7694e61e71bf3dc959a23e1ab,Safe,False
12:13,304.0,205.0,33.5,62.0,6f0be53bbcb2f52eee7a9fcb2af6288bd0ff5b7a3228318a2a9adb57e2fee198,Safe,False
12:13,306.0,209.0,33.5,61.9,bdcfe1bd5b85ce3a3abe8f7e4ad29d049d4709eb00eafd822d50b208dc2b9114,Safe,False
12:13,308.0,209.0,33.5,61.8,07ae4dd464b764bbdc5b0a696fc623a50827812639393b73637d94b99a9ca2b2,Safe,False
12:14,310.0,209.0,33.5,61.9,ae3aedae8b74f1d74fa92fcf1a9d06528cc81c83caedfdc1e4d57b6efa7e8149,Safe,False
12:14,311.0,206.0,33.5,61.7,e7240bffbb87d9b6ee86edd33e297c18ecca75b818050dde54fe890f9ed16502,Safe,False
12:15,312.0,204.0,33.5,61.5,f333ddf9c96c556835313bc61180eebb640dd38960c171f6a2046edae53ec406,Safe,False
12:15,312.0,203.0,33.5,61.5,ab9a647a7afdfd5675829e8930b248049367c67fe1da36d68d9c892b213c63f1,Safe,False
12:15,312.0,203.0,33.5,61.5,5234c59bdbe020305b2eca55758e5482caeafee6aca799c4b37fa04d42bb31c8,Safe,False
12:16,312.0,204.0,33.5,61.5,abadac8c2dad9f526f3f33d44bf5100e0f1885a133855b3bec479655ea82fa4b,Safe,False
12:16,312.0,200.0,33.5,61.3,76015850579390255fedf688403461e89be819e08a6ac1aa853c6d8baaaedbb8,Safe,False
12:16,312.0,202.0,33.6,61.2,5f3ff814b6f87989d1faf6345903d6403c109b2193757a7bb9cfe83501da025e,Safe,False
12:17,313.0,200.0,33.6,61.3,685f81d323c085765e7c9ecf911202933c1f3d6fdd8f0d46a64956f6149281d9,Safe,False
12:17,313.0,204.0,33.5,61.2,45b11bdcf8cc1ec84226ccdc215c4eca96ef8fd51696ce021e7e0792be390d31,Safe,False
12:17,305.0,202.0,33.6,61.3,8bc6410bd38873b9a912580d545db7bb48366fe6711b564791c0f07b9ef841bc,Safe,False
12:18,305.0,201.0,33.6,61.2,1a2eaeafde7f88cc65f985ff1f5362fc43b3614c492ab96c73401cab636f588a,Safe,False
12:18,306.0,200.0,33.6,61.2,9c3d4c49a16fc90cf715f89d024f1b53fc8151f2b877398db6fcf34cb40e8462,Safe,False
12:18,307.0,199.0,33.6,61.1,5b5fb78df1a32eda898ea44e9aa8a9ed80fdd24019515d9b107bbbdb654e0375,Safe,False
12:19,307.0,201.0,33.6,61.2,687d755a62fe38743f361868b9b2ed510d4a6a28678546c65b78df384fbb974f,Safe,False
12:19,308.0,203.0,33.6,61.1,bce25901352ce4523cef293b63b55f7762f9f0d93c1a13690d6041e8a2bcb996,Safe,False
12:19,307.0,199.0,33.6,61.0,cdd6fc16b5aa53508091a2e66365db895ce25e0a4a9bd2caa153d643a47ea69e,Safe,False
12:20,307.0,195.0,33.6,61.0,78e1acd36bc609637d528b91b4aabd392e9864e8719180b5d7bc589c88b1e2d7,Safe,False
12:20,308.0,200.0,33.6,60.9,8d4a9d0548cc0852a6cbcf027bb93d7bc59aa06f750d64f2e4b630595154941b,Safe,False
12:20,308.0,196.0,33.6,60.9,4a46058265914f9ab1e2413f9ceed04fa84dbe92906ad08170192788abe5ac59,Safe,False
12:21,308.0,197.0,33.6,60.8,ec2c3338154f33029b00438b212382e928ad46cf9c308a94e9155f8042cfa7b5,Safe,False
12:21,308.0,196.0,33.6,60.8,7ad78bbc718dd9e7d49964ee81171c45f3d88f5095a7e53c5684113b0470be72,Safe,False
12:21,308.0,190.0,33.6,60.7,37330dd1a40d5ddc6f858cf88610ceb9ad7d37b02cd28ba53d58fae1c9850690,Safe,False
12:22,308.0,196.0,33.6,60.7,4796594ed0b86e10e6829634bd78e9b49e2efb069988ab69b2804594c1c7e4ca,Safe,False
12:22,308.0,199.0,33.6,60.8,9c6f866a1fd6091d7243d6d971ade13cb5f4f03bf3b2b37c24dcca6935e831e0,Safe,False
12:22,308.0,199.0,33.6,60.9,b2dd4ef65a24fb2186ddfcfb02168fd6488b39928f96a6f60d2a4de15d1f00d5,Safe,False
12:23,308.0,199.0,33.6,60.9,097719cb137282e001ca9bff0cb2e826c36e71c7f46ae96697dfc182eab3b307,Safe,False
12:23,307.0,197.0,33.7,60.9,035c72c244c0b23b02f4463cca4c1697b8b4692e54abd6db60dc367c408db7da,Safe,False
12:23,306.0,196.0,33.6,60.9,03baeed1702a87bacf882bf8b8420178375ea1845207be384aeb6bc0321097fd,Safe,False
12:24,306.0,194.0,33.6,60.8,3890af8793d370dc5e43d5aebf2d0185242c9b2711a7206ea306432dd47edd1f,Safe,False
12:24,306.0,194.0,33.6,60.8,574d75fb0ad32f10f683f0f58912fc2cbf1389bb4ce277afe1908daf0c234df6,Safe,False
12:24,307.0,197.0,33.6,60.9,a4cad66b1081da951513336b08d6482121108e8639c6e7774b50bf020aff5116,Safe,False
12:25,306.0,193.0,33.7,60.8,a14604c064f56c0934349821a1ab631c10dc8d55d5e5c091de00d923f0209b67,Safe,False
12:25,306.0,192.0,33.6,60.6,626404f78cdba98434676be2fc3341cdedf070608d1f16baa39363241f1e1fff,Safe,False
12:25,306.0,196.0,33.7,60.7,8e81a1f23a45d7819e30e1997805d47b8dc07bf0b25fddc52010e576406a103c,Safe,False
12:26,306.0,194.0,33.6,60.5,a76c155b9ece3ad4272963ba40a26e51a111ed09387dd01aabe6a79bc719808b,Safe,False
12:26,306.0,194.0,33.6,60.5,ddc094d0925c57072dcd69fb65484a9df7770727cdb5fe804b7730b0a2c12112,Safe,False
12:26,306.0,194.0,33.6,60.6,277bd11cf806a9a085d600a301883e50ba253ed89bdb4d404bd9dd5730abe789,Safe,False
12:27,306.0,196.0,33.7,60.5,bbeba47fce28e4f2e0f3623d3e8efb0b23cd6d42f773975bada16f63edb992da,Safe,False
12:27,306.0,195.0,33.7,60.5,96181ad2b1221bca9fa577feb707036357504f81338afe89b62054e5c3d640b1,Safe,False
12:28,306.0,192.0,33.7,60.7,57300fab9444027be61a2d7add894210230c21ef52d93099d942111dd09c601d,Safe,False
12:28,306.0,195.0,33.7,60.6,0b3646d72d94bd47ea342f4e903aa2490dd331a474a889236656dd92f216d70e,Safe,False
12:28,306.0,195.0,33.7,60.6,93537729f3819bbfb37e1a243e0df6779df2e4d5b3b865d3c5b1b89d11a9e558,Safe,False
12:29,307.0,198.0,33.7,60.7,1dac0c3d2997a344203b2bff7bcc4979842993fd937f2b4fbc46aedcaeb92a20,Safe,False
12:29,306.0,194.0,33.6,60.7,ffbce1fc4b7b38a1eeb7652b1a560b65509dae07fc64f1347433ad188c89dcd4,Safe,False
12:29,307.0,192.0,33.7,60.6,2a68ef1dd2431ec1d243767be1da3e5c29fbc80254d82d7a726ea171a26451c0,Safe,False
12:30,307.0,193.0,33.7,60.4,737f89b2532f8fed8b65a0db82fb4cb75fb68792fe43859bf16d25d153082e06,Safe,False
12:30,307.0,193.0,33.7,60.4,46586c9f88041b911dfbae1399db10ae4d69b09931be31b410d92bc6db6e1a1b,Safe,False
12:30,307.0,195.0,33.7,60.5,a6efa74753087be90b19fdf270bf7b09ee995344229527265467081c65f1b375,Safe,False
12:31,307.0,192.0,33.7,60.4,427c3318a590f0a65f23850f939066f5bb88a19ceeecf4cbf4ac8d68ca10c92a,Safe,False
12:31,307.0,195.0,33.8,60.4,2cdef1108d6c12536bba0debdcc53c4bb21b720936817b38c3ac5dd4c8454c6c,Safe,False
12:31,307.0,194.0,33.7,60.4,e20e4ea9fced6da9bbe90c477fc07ebda97f8abb832930f80e2bfd55792eac2d,Safe,False
12:32,307.0,190.0,33.7,60.2,7123011f687f8816fe5e79a28133e8b6821eda0cb8dfc12dea6fdfa365fbec3d,Safe,False
12:32,307.0,187.0,33.8,60.2,dc97a84cc0f70f944172da1b3ab8a340aeb57ece8a480d14497bf698a9990ebf,Safe,False
12:32,307.0,188.0,33.8,60.1,e3b96baf78231bbaea295c0d7446141634afa8a574a4afaa21f25dc78f2a9470,Safe,False
12:33,307.0,194.0,33.8,60.1,8a8f1f150c2cea83d0882dbc5a58fbbbc2655405eebb5917f76d6c3ec1711ad7,Safe,False
12:33,306.0,190.0,33.8,60.0,928fee95234c8617e71904c40e8a3832cc07906bdd0a31a1df6ed6580324679e,Safe,False
12:33,306.0,190.0,33.8,60.0,46b20649c381816085afce42f326fe4922e1fd774d160d6dea67b85aeceef633,Safe,False
12:34,307.0,190.0,33.8,59.7,9759cb1a8d2f74287a0fe68a8cfc6b62a4b2dd19e0a32db2ca024602c0363792,Safe,False
12:34,306.0,185.0,33.9,59.5,d792738f52092cd3da5c04812403489311a7b25e5ad277006add828e832a8461,Safe,False
12:34,306.0,187.0,33.8,59.5,5450ed66ad650f0dc11bfb97cc07624da650208ea8830d51f2760dc0f67fd88a,Safe,False
12:35,306.0,188.0,33.9,59.3,f2b2341881a4f2c4b9921eff4440e5e5d6d0152873b65a1a804cb964ef53dd47,Safe,False
12:35,306.0,189.0,33.9,59.3,7cc71e8a9e7d5cc5136f38e93846f3415fe1d81d18ae0110353e38dc12531ec2,Safe,False
12:35,306.0,188.0,33.8,59.3,3b4b24f594075272b083471ce34ef547eff6a3369fa53d9ddc40b3dba3ca1e71,Safe,False
12:36,306.0,188.0,33.8,59.3,8e11daa1a260b081a351a356b0038c6c0edb8aeee728ab8dc69d3bd98c066246,Safe,False
12:36,306.0,190.0,33.9,59.2,2cba097b2f46d70c37379f3c52dae4b5cc463da71e54446b8802157f1c502890,Safe,False
12:36,306.0,184.0,33.9,59.1,dd4bafc261bcaea5f0e032e2e0ff7d1c7b8c4ff3e2c6f40e3c4a530a9326d017,Safe,False
12:37,306.0,186.0,33.9,59.0,c48b3d4c1143766cf6b45429b7c5d71930e4bd0348b08b1e19b971415a5ef543,Safe,False
12:37,305.0,188.0,33.9,58.9,c1877b0d62ee70e962f0e35be54ba803c900e4429e6c1720fecfbb6ca3d44f9c,Safe,False
12:37,306.0,190.0,33.8,59.0,f4b85b4893f3dfe1814885b55cb8b2e816ac0df2cdd753044edeadb142607273,Safe,False
12:38,305.0,191.0,33.8,59.1,55f9934476b9a3782c523f36becad22084287495271f9e0c50ef650a578d1015,Safe,False
12:38,305.0,187.0,33.8,59.1,aba815ba4fe612a072bb624ca9a030b418273fe2cf327feb03941587437ca18d,Safe,False
12:38,306.0,190.0,33.8,59.1,332146ff7cf4d9832e28ae7f4d5a16059cb2eee84281c5183cf07342952c63b8,Safe,False
12:39,305.0,188.0,33.8,58.9,da8645467739dbf185aa3a04dbe2d441f982822f3553ebfd713498cabcca36f4,Safe,False
12:39,305.0,191.0,33.8,59.0,e23d5228e3053461ea35f891ffdf4598ec19527b943eca2c7699c8d00e301cef,Safe,False
12:39,305.0,191.0,33.8,59.0,b9bcb30898c5580ccb41ba7f192a57eb4ce22e7bba845760a695f61eb9d96beb,Safe,False
12:40,305.0,190.0,33.8,59.0,9193495443c4845d4cc3e1b720a09c76666d38a4c0d7c7a0055d2138404bc2ba,Safe,False
12:40,305.0,188.0,33.8,59.0,dd342d3d92f603e08c0de85e1db67f96de0b591300c96f2f46fe1023feefc545,Safe,False
12:40,305.0,189.0,33.9,59.0,642aef6ef0934e3e6cc6a962946b69df96995688759149111bf1234015a0030c,Safe,False
12:41,305.0,189.0,33.8,58.9,9e2dad2544b8b40e3ae6c844ac81ca99dc8a784079b7afb96b28dac3ac884666,Safe,False
12:41,305.0,191.0,33.8,58.9,3efa32b02b41bf78ad79e4be9ff7fd40e9207b761473245c2b35389dbc368b5a,Safe,False
12:41,305.0,190.0,33.8,59.0,991ed8d0a51cfbc68ef51049c8e6736200161052cfc198cf5df0e92d31c710ca,Safe,False
12:42,305.0,191.0,33.8,59.1,db89481439c16c162e8c15331269d1ac93f1f43331040652aed6395c46d73957,Safe,False
12:42,305.0,189.0,33.9,59.0,73deb242ed4defa33b3df582282ede50358aac5c5fed28e69f638244b3420ffb,Safe,False
12:43,305.0,190.0,33.8,58.9,05c9783553cd0e2d83cf76d7d26200df83b8bd31ee6efea903e982c3aec80296,Safe,False
12:43,305.0,191.0,33.9,58.9,42eba8072ee619216d8fef175bf72282ea90f0beb9908ee1f82a9d4f93920e4d,Safe,False
12:43,305.0,185.0,33.9,59.0,14f5b1ccf2a39dc3eb52014bfdce5eb9159b7d1b0c1e55889a2b1614856ec139,Safe,False
12:44,305.0,190.0,33.9,58.9,e3aaebefb23fbba77515704b67a5d9f2f9e3436b319a8d2570a4ed4c8b0b185f,Safe,False
12:44,305.0,189.0,33.9,58.8,56757507a87a98fc9536e4481b33ced65d42dd2d0c479ed626b5cb37a04d1301,Safe,False
12:44,305.0,189.0,34.0,58.7,474b307dd112b4e7e09dcbff3bf5064daf4afa06612dee358328f32aaf781020,Safe,False
12:45,305.0,191.0,33.9,58.6,ec90055ca316fb5bb3b4cbbd70f14536b970df3e29e9bd2df3ae86c64b9072dc,Safe,False
12:45,305.0,187.0,33.9,58.5,b1caa3220d0cf3127ebab3d4d67ec8c2e03a2abe0880614a83ea2fbbd0d88af8,Safe,False
12:45,304.0,189.0,33.9,58.4,cf32200a25d10abaa4b4e921bd23456b17c8c854523c863dd3534fc6eade1823,Safe,False
12:46,304.0,186.0,33.9,58.3,49995313d77e4c963ee6aab3723f8e37167ef7cf00c070bfaa00cfc3b60da552,Safe,False
12:46,304.0,186.0,33.9,58.3,525f98b3207231e0f87bc5928a482664e9e131a925f306a7e0b584779e8eabd8,Safe,False
12:46,304.0,188.0,34.0,58.2,b6fe7cb9e76742106a294b2cbe9ac6224e648c3c37302098529df3266b4849fe,Safe,False
12:47,304.0,188.0,33.9,58.3,2a3f1cffb3006f5ba21a41cecea5a5b9be8ad5faf177a14b363e926a261008d1,Safe,False
12:47,304.0,188.0,33.9,58.4,f5313c78f516c5f773a9d98dc43f2eabe88731b6a75ae60d9d4ce27dee2a2275,Safe,False
12:47,304.0,182.0,33.9,58.4,40edf583e22856111a28ef88080915ab008d7202d233e6cdb18ccbafbc86b4f0,Safe,False
12:48,304.0,181.0,34.0,58.4,3f6c7b3f29202c3f25b8fd951af0857e238688d0cf66deeb0ff0f5754e9ba92e,Safe,False
12:48,304.0,187.0,33.9,58.3,904598429f83f33e6418ae23d664c6ac5c7cdedc9c2e3f84a1b55eabb29233da,Safe,False
12:48,304.0,185.0,33.9,58.4,bb4875078b497740481f64ee1944f660fe3790bd502172310fa87c0da26ccdcf,Safe,False
12:49,303.0,183.0,33.9,58.5,5d2661dab7cd1fa193f37dceb23b5230557cbbe8cdfee9a7005d0ce9d9752f99,Safe,False
12:49,304.0,185.0,33.9,58.5,2cf0b64c633a4ea45e10fd2d6fc1bd28d1f2423681cc78429bef4637f23b5fb6,Safe,False
12:49,304.0,183.0,33.9,58.4,45681dc63bd65a19a8cb7a9e520c041b50158b611c0e259393692e7a663143e9,Safe,False
12:50,304.0,183.0,33.9,58.5,268e18f0065823e6cfc202abd2ef735313f8ad1f9f32c06630270d2a8f515b20,Safe,False
12:50,304.0,185.0,34.0,58.6,e35625f56fe7e4404f36ed49f362865929a093891d4f2e32f1e4ff2a27a5d5d2,Safe,False
12:50,304.0,182.0,34.0,58.6,6634090e2442f3477292949ef833ffc38c25beee7af4ee05035c6358ef4dc874,Safe,False
12:51,304.0,187.0,34.0,58.6,d2ec7eb33a0693f7b0abf11243cab041302947b0c7277eb594c2ccd45ea1360a,Safe,False
12:51,304.0,186.0,34.1,58.5,c6aac9e56e9b25f18a06b3c3fb3568100b73c6b2b33495fa36d46aa200f2cb2d,Safe,False
12:51,304.0,186.0,34.1,58.6,4097d35968832e54add7fe0aa56c5dd231ee028f333d3037b7836a10b9ea0d42,Safe,False
12:52,304.0,185.0,34.1,58.5,303755125f3ab0a601d7c78072be772e5c1130135a622ff584ab5631a3204df5,Safe,False
12:52,304.0,188.0,34.0,58.6,f9a001b3cb1cbfecb74a7fc384bb98d20fc22dd4ee52122c700f8c4ec6fda66a,Safe,False
12:52,304.0,190.0,34.1,58.6,85c2cdf370b9c405cfe405ae930c250ee27bc28afef4774f1fb22731192572ec,Safe,False
12:53,308.0,192.0,34.0,58.4,daef450eeb8a35479d507dd4088afad25b90ef8e168832537547f6e3d196b96b,Safe,False
12:53,308.0,192.0,34.0,58.6,960a4e7da35ac945528fc6153b35c1ac6c1a7ffe272438e1cbb8b1f725b4a29e,Safe,False
12:53,307.0,187.0,34.0,58.6,55a8ba0b9710f509c782aad435243d72a4827fee22c44c0c94c5456c54e39938,Safe,False
12:54,307.0,188.0,34.0,58.6,aad993bd05993f904e1765dd0920b9f7942ec9b2ce5b84fd2bde1842702ba6e8,Safe,False
12:54,306.0,188.0,34.1,58.8,e7f24df49d756b5dbd1b2cabca9eee72bc06a960ae61275d4d749e08c32ee178,Safe,False
12:54,307.0,191.0,34.0,58.7,449f388dbfa7d37fe2354a7b14af4955a692e71196ef7ca73bfd01970f726321,Safe,False
12:55,306.0,188.0,34.1,58.6,8d7825e8e6b9f45c022fb2a588de5d388e5a408d4bec95c149a260a4e3f00433,Safe,False
12:55,306.0,191.0,34.0,58.6,0f8bf14a74739cc3ea3242a19f9d7e20239b260ccaadcc4bc0734948c1f908b8,Safe,False
12:55,306.0,188.0,34.0,58.7,2ccc5e6b83d431e0721e9632f885da40a3077006315f2f26e7bbd454d54ab2c0,Safe,False
12:56,306.0,189.0,34.1,58.6,ef46672007c20418f3429ce9dd91f54033f45b720382ca507fe88dfe768ca9bb,Safe,False
12:56,305.0,190.0,34.0,58.7,a1a6219b6ab30ca3b655dd3597d65e886b781bd7c261a9f63aa480655e731bed,Safe,False
12:56,305.0,186.0,34.0,58.7,f3d6385ff6cdf03b850f75d18fced4763a15e6059f3929b4f2f411bc8633455c,Safe,False
12:57,305.0,190.0,34.0,58.6,2a869dfa529b435451bb7119576e14c9a429ac7b629ef42a8782de8ce6f41be0,Safe,False
12:57,305.0,188.0,34.0,58.6,de40ed8d8bafdca56670aa5be958ed0d48a2530817d757deac4d36db41102655,Safe,False
12:58,305.0,189.0,34.0,58.5,8c4f207ebdb99b0d62217b6c559eda9d3e688ea29b0f2579faf54ce83f89b914,Safe,False
12:58,304.0,187.0,34.0,58.5,74b1724e7314f9cec2ce8133d74b8b3dd6fdc9693beef20292e8d3a863b81b71,Safe,False
12:58,306.0,188.0,34.0,58.5,6782508b6416863dfda3e30368ef9150a6478f6e6a21d6dda8ba2ca6783d0959,Safe,False
12:59,305.0,190.0,34.1,58.6,6df2a0983ed88b5a5998634d479e64b5e2b2848ecea739d10552f30634a7b386,Safe,False
12:59,305.0,187.0,34.0,58.5,1099bcb9f70bde13ab47a40ebd14edf276d39dd7f0afe4b4a462134fe74bf795,Safe,False
12:59,305.0,188.0,34.0,58.6,e18673dc90543c8d7b05467a4f9b1dadc4aa36a9504f3f69b5f7e57c84d002ba,Safe,False
08:47,737.74,224.5,26.75,74.02,synthetic-656a78bd0b6442948ece5f2645ed59a4,Warning,True
08:47,781.41,341.81,32.92,71.56,synthetic-83db8951dec34ed29647b8bb8f97d9a5,Warning,True
08:47,639.86,225.36,26.19,79.1,synthetic-4dc8d52fefe84ff5ad504e49f1174683,Warning,True
08:47,549.2,326.07,32.09,70.12,synthetic-55519253d0814185919d74bda8323cd7,Warning,True
08:47,1464.07,574.53,33.4,82.33,synthetic-bcb3a0d1687f431386a736139820d41b,High Risk,True
08:47,1570.05,484.15,30.93,81.45,synthetic-6518d82c3e1c4199b0707daee79e94f7,High Risk,True
08:47,1393.2,411.46,32.28,84.34,synthetic-98826e83027e454c8f69c88410d7ea50,High Risk,True
08:47,955.85,458.2,31.01,84.17,synthetic-c7f551b5cd2f4d428db573ed97227cc6,High Risk,True
08:47,1344.98,491.21,33.7,83.14,synthetic-8f97943231324fd4a8a47595425031dd,High Risk,True
08:47,1019.8,582.28,31.63,85.69,synthetic-140327aa8b4c479a82af0eb015adc612,High Risk,True
08:47,1490.0,594.0,32.29,80.48,synthetic-ba86f17f061e4c1dbf7f7f6320d9baf7,High Risk,True
08:47,1120.82,466.94,32.11,94.14,synthetic-60ff3f5bdcb34b16842c34f92ffb6bf5,High Risk,True
08:47,1540.18,514.71,32.65,83.7,synthetic-31460f9387304b37804646a808107196,High Risk,True
08:47,963.64,411.78,31.1,89.41,synthetic-8e1307c2286740d3993707b0fafddfe0,High Risk,True
08:47,1454.46,505.54,30.64,85.72,synthetic-270cd7ccfe454ece92fb070bdfc3b4b6,High Risk,True
08:47,908.04,580.18,36.82,88.05,synthetic-e16320a980bb4b3092724a16d795a098,High Risk,True
08:47,1086.78,560.24,31.12,86.52,synthetic-e30476a9713e4382853386db47a984ec,High Risk,True
08:47,900.4,481.04,30.19,93.94,synthetic-748eb814207a4b679a63742166377ca3,High Risk,True
08:47,948.45,590.15,37.66,81.93,synthetic-df18dcbc876e4107942f49179c0129c6,High Risk,True
08:47,1232.7,537.45,32.65,93.09,synthetic-013aa5c04d6f43d68a0ef3d2636c5636,High Risk,True
08:47,1206.67,529.39,31.21,83.37,synthetic-021d5798261b4e4fb193d1a8022347c0,High Risk,True
08:47,1136.66,547.08,32.3,83.3,synthetic-2cdd903bd35a4f75a82840cd9d60eb96,High Risk,True
08:47,949.7,557.78,32.29,93.58,synthetic-f1cb74d5a8664d6f80099abd5c9b6e19,High Risk,True
08:47,1501.74,417.71,32.38,90.03,synthetic-81af71efbbb34a1a8f2c29b56ddf5f99,High Risk,True
08:47,967.85,507.76,34.24,87.01,synthetic-4062ac9449ba41d992fa5d2832529a67,High Risk,True
08:47,1033.15,512.15,34.22,84.18,synthetic-723432b3a1b64f14b4282a8167ee78b8,High Risk,True
08:47,1239.95,453.44,34.01,80.88,synthetic-a24a83fcebd646ef9c82afff706e066c,High Risk,True
08:47,1289.04,579.6,31.55,84.45,synthetic-c5106b812e2f4d2f8f1c268e74678a64,High Risk,True
08:47,940.02,546.04,35.03,92.79,synthetic-c2452d2eaa95403ea695151d3e041330,High Risk,True
08:47,1316.52,568.8,32.35,81.8,synthetic-fb49ada65c494b83a262563e8a4a3dac,High Risk,True
08:47,1042.98,579.05,32.39,85.94,synthetic-1e3093e9028d4d3f88b4d3b0af5a8ca4,High Risk,True
08:47,1370.18,475.0,33.16,91.28,synthetic-4126701be7d84e68a635b3f18af6306d,High Risk,True
08:47,950.78,514.57,39.98,94.94,synthetic-dfe9d7e506d548bbb2d227531c181781,High Risk,True
08:47,951.28,453.29,32.65,94.0,synthetic-f4bb8c4a62304281b00d93714a839304,High Risk,True
08:47,974.93,538.31,32.72,89.07,synthetic-a89df94c27e34851bb0ac84e274c57d7,High Risk,True
08:47,1196.5,469.17,30.04,91.57,synthetic-4bd7b366894e4bd3bb56aff3f8aaf8b2,High Risk,True
08:47,1199.38,402.42,30.75,93.25,synthetic-b03a404c527143888c9f1bcd5cbb2b6f,High Risk,True
08:47,1003.67,431.86,33.08,93.48,synthetic-0e324c1cd79449178cad30979210fa29,High Risk,True
08:47,1184.46,555.17,31.55,93.95,synthetic-8083e5c109b048d88738c8df597fc567,High Risk,True
08:47,917.35,584.14,33.32,93.96,synthetic-cfedb3d7803648b587f96124e2697b17,High Risk,True
08:47,1456.74,456.9,30.24,82.9,synthetic-0d2483421d9f40948681c8e561c0962a,High Risk,True
08:47,1573.77,466.37,31.08,86.52,synthetic-0ad6083e41a9415e9bd8c215e0f86b44,High Risk,True
08:47,1169.64,544.15,32.55,90.63,synthetic-c618961900e24621a3607fce2bb1093a,High Risk,True
08:47,1419.37,567.66,33.64,81.05,synthetic-6b47ef4921c5461c871dc7204f0b2773,High Risk,True
08:47,2397.09,732.55,38.14,97.33,synthetic-181a0d67a3e348ce891f2bb29fd99c7f,Critical,True
08:47,2463.71,725.08,38.09,92.49,synthetic-6b145efdc1b04f059923cfeb7f231ade,Critical,True
08:47,2082.88,723.91,36.27,92.62,synthetic-bfda845729de45acbe084191ef2af85c,Critical,True
08:47,2728.44,819.33,44.03,94.77,synthetic-1b6e2e63cde4481bb2da1a923f0bec2a,Critical,True
08:47,1961.14,786.98,35.0,91.16,synthetic-1fbb7cc291b44b1080861792a013a4cd,Critical,True
08:47,2115.87,795.0,41.55,93.11,synthetic-03df526a83174ca891dbd32760ffc5ec,Critical,True
08:47,2130.59,703.43,39.73,97.91,synthetic-4e2201b1de2b427e99c6c81614a5ca59,Critical,True
08:47,2555.23,692.42,35.85,93.67,synthetic-dcfe183082634346b260af521c1a7380,Critical,True
08:47,2359.53,733.8,43.18,96.26,synthetic-e577db0ad808471abb6ab938a31c33aa,Critical,True
08:47,2407.35,706.16,36.99,88.27,synthetic-92ccd7cb6b1c48fa90c838ae3288dd6a,Critical,True
08:47,1893.81,768.78,43.5,88.8,synthetic-c85e4c35563843c0b46cafce5ad306d6,Critical,True
08:47,2097.33,807.44,36.94,95.66,synthetic-23c1a8cf3648472d85c7993b5921a1cd,Critical,True
08:47,2193.25,711.0,41.56,88.06,synthetic-fbc10884a68d482fa36f332aa2b405e0,Critical,True
08:47,2501.16,842.51,36.07,92.68,synthetic-587586f636c542f7a820948ead9e13bd,Critical,True
08:47,1811.06,889.49,40.18,88.55,synthetic-7f68083a12674ecda58a81e2451585c1,Critical,True
08:47,1899.04,862.08,39.56,96.82,synthetic-b8bcb690e1f0402e94e7cc175e185eca,Critical,True
08:47,2401.09,896.97,40.95,98.45,synthetic-c2c90daae6b746eaa5a894f00e01ff6b,Critical,True
08:47,2669.71,803.16,42.19,93.55,synthetic-8d6ec671d99f4af7b8e79cffdd866928,Critical,True
08:47,2596.68,786.97,43.97,96.18,synthetic-354b1860684d4f2e95e4888cfb3764fc,Critical,True
08:47,2169.61,714.8,37.47,95.01,synthetic-f44a11cf70eb498ea4c87012f34ed487,Critical,True
08:47,2518.98,780.32,41.27,91.02,synthetic-dedff52cf1784765a9b1878ecf51142c,Critical,True
08:47,1692.98,721.43,37.72,91.52,synthetic-fa52e4d473ec4a85b651a6f5a26175e3,Critical,True
08:47,2248.18,684.59,37.31,95.63,synthetic-1403003e20e948748daaab17947ed60e,Critical,True
08:47,2447.7,666.06,39.08,93.97,synthetic-49e072a3fde34e8d99be3b0033b7f371,Critical,True
08:47,2098.93,701.71,39.2,97.95,synthetic-34943fc18dac485587448e46e36b95c6,Critical,True
08:47,2300.9,823.88,43.57,96.42,synthetic-02fb5f7005eb435eab93f964fe18a865,Critical,True
08:47,2056.46,651.47,38.52,96.29,synthetic-47dcf99d342e4745ac1cbf4003cb219d,Critical,True
08:47,2624.14,888.36,39.19,96.22,synthetic-7d1df36297ed4ca6b180d2bced983cac,Critical,True
08:47,2255.36,800.81,37.21,90.41,synthetic-166c0c1ead2a4b64803c1ad60f12f98a,Critical,True
08:47,2123.0,657.26,38.36,95.47,synthetic-2d22b9210fa948a29cbfbf6caa617dcd,Critical,True
08:47,2085.18,691.26,39.67,89.4,synthetic-eb61848d61254dbfacf00ed68e0b8b03,Critical,True
08:47,2346.71,656.74,38.94,94.21,synthetic-d6c3889a89894eb1b216479f6652a530,Critical,True
08:47,1632.52,810.69,36.36,93.08,synthetic-af0d9b8a533445a1acca2ba27fca5f4b,Critical,True
08:47,1660.34,744.78,37.12,91.6,synthetic-fc1aa5e9fcee44b3ae60a419a8e51eb9,Critical,True
08:47,2513.48,744.78,42.52,97.15,synthetic-35c351f214c740adb5103f081c9ee5f9,Critical,True
08:47,1902.73,670.48,35.19,93.93,synthetic-3083641addc64567a22f86f7bb2fa4c5,Critical,True
08:47,2799.89,737.49,41.5,96.59,synthetic-5bfaad314dc24a2e8c69062029cd2e6f,Critical,True
08:47,2382.11,838.56,44.5,90.19,synthetic-2ce997ae20fa4c0b8dc00f9ddb34a014,Critical,True
08:47,1624.46,688.1,36.26,95.36,synthetic-40238a1e23d34baa8ebb5e9e8ab86fbf,Critical,True
08:47,2276.76,704.49,41.99,96.44,synthetic-50b613f7eecd465681b5190fcfe7dda3,Critical,True
